pair,base,quote,date
SYLO/USDT,SYLO,USDT,2025-09-08T06:43:08Z
KALIS/USDT,KALIS,USDT,2025-09-08T06:43:08Z
XCV/USDT,XCV,USDT,2025-09-08T06:43:08Z
FAND/USDT,FAND,USDT,2025-09-08T06:43:08Z
MOON/USDT,MOON,USDT,2025-09-08T06:43:08Z
JUNO/USDT,JUNO,USDT,2025-09-08T06:43:08Z
KINTO/USDT,KINTO,USDT,2025-09-08T06:43:08Z
ABBC/USDT,ABBC,USDT,2025-09-08T06:43:08Z
SYLO/USDT,SYLO,USDT,2025-09-09T01:12:44Z
KALIS/USDT,KALIS,USDT,2025-09-09T01:12:44Z
XCV/USDT,XCV,USDT,2025-09-09T01:12:44Z
FAND/USDT,FAND,USDT,2025-09-09T01:12:44Z
MOON/USDT,MOON,USDT,2025-09-09T01:12:44Z
JUNO/USDT,JUNO,USDT,2025-09-09T01:12:44Z
KINTO/USDT,KINTO,USDT,2025-09-09T01:12:44Z
ABBC/USDT,ABBC,USDT,2025-09-09T01:12:44Z
W3GG/USDT,W3GG,USDT,2025-09-09T11:10:16Z
BRLN/USDT,BRLN,USDT,2025-09-09T11:10:16Z
NEWM/USDT,NEWM,USDT,2025-09-09T11:10:16Z
SYLO/USDT,SYLO,USDT,2025-09-10T09:05:32Z
KALIS/USDT,KALIS,USDT,2025-09-10T09:05:32Z
XCV/USDT,XCV,USDT,2025-09-10T09:05:32Z
FAND/USDT,FAND,USDT,2025-09-10T09:05:32Z
MOON/USDT,MOON,USDT,2025-09-10T09:05:32Z
JUNO/USDT,JUNO,USDT,2025-09-10T09:05:32Z
ABBC/USDT,ABBC,USDT,2025-09-10T09:05:32Z
DOP/USDT,DOP,USDT,2025-09-10
SYLO/USDT,SYLO,USDT,2025-09-11
KALIS/USDT,KALIS,USDT,2025-09-11
XCV/USDT,XCV,USDT,2025-09-11
DOP/USDT,DOP,USDT,2025-09-11
FAND/USDT,FAND,USDT,2025-09-11
MOON/USDT,MOON,USDT,2025-09-11
JUNO/USDT,JUNO,USDT,2025-09-11
ABBC/USDT,ABBC,USDT,2025-09-11
GQB/USDT,GQB,USDT,2025-09-11
WTA/USDT,WTA,USDT,2025-09-11
GALAXIS/USDT,GALAXIS,USDT,2025-09-11
LIZARD/USDT,LIZARD,USDT,2025-09-11
MIRAI/USDT,MIRAI,USDT,2025-09-11
KINU/USDT,KINU,USDT,2025-09-11
GULL/USDT,GULL,USDT,2025-09-11
GREENBTC/USDT,GREENBTC,USDT,2025-09-11
NAP/USDT,NAP,USDT,2025-09-11
KRU/USDT,KRU,USDT,2025-09-11
DNAU/USDT,DNAU,USDT,2025-09-11
NOVA/USDT,NOVA,USDT,2025-09-11
AMZNX/USDT,AMZNX,USDT,2025-09-11
NUROAI/USDT,NUROAI,USDT,2025-09-11
PINGN/USDT,PINGN,USDT,2025-09-11
EQ/USDT,EQ,USDT,2025-09-11
VICS/USDT,VICS,USDT,2025-09-11
FINBLOX/USDT,FINBLOX,USDT,2025-09-11
RUSSELL/USDT,RUSSELL,USDT,2025-09-11
MUNITY/USDT,MUNITY,USDT,2025-09-11
ARIX/USDT,ARIX,USDT,2025-09-11
MATEAI/USDT,MATEAI,USDT,2025-09-11
JANITOR/USDT,JANITOR,USDT,2025-09-11
GSTOP/USDT,GSTOP,USDT,2025-09-11
LEO/USDT,LEO,USDT,2025-09-11
FORWARD/USDT,FORWARD,USDT,2025-09-11
FLAY/USDT,FLAY,USDT,2025-09-11
OGGYETH/USDT,OGGYETH,USDT,2025-09-11
VALENTINE/USDT,VALENTINE,USDT,2025-09-11
GQ/USDT,GQ,USDT,2025-09-11
MASS/USDT,MASS,USDT,2025-09-11
CT/USDT,CT,USDT,2025-09-11
NVDAX/USDT,NVDAX,USDT,2025-09-11
MARS/USDT,MARS,USDT,2025-09-11
ROCKI/USDT,ROCKI,USDT,2025-09-11
WALK/USDT,WALK,USDT,2025-09-11
DPR/USDT,DPR,USDT,2025-09-11
ICED/USDT,ICED,USDT,2025-09-11
FUCOIN/USDT,FUCOIN,USDT,2025-09-11
OSOL/USDT,OSOL,USDT,2025-09-11
KITTY/USDT,KITTY,USDT,2025-09-11
YZYSOL/USDT,YZYSOL,USDT,2025-09-11
MNEMO/USDT,MNEMO,USDT,2025-09-11
GENO/USDT,GENO,USDT,2025-09-11
OMN/USDT,OMN,USDT,2025-09-11
SOV/USDT,SOV,USDT,2025-09-11
CROWN/USDT,CROWN,USDT,2025-09-11
INFOFI/USDT,INFOFI,USDT,2025-09-11
DRA/USDT,DRA,USDT,2025-09-11
GNC/USDT,GNC,USDT,2025-09-11
OLE/USDT,OLE,USDT,2025-09-11
YOURAI/USDT,YOURAI,USDT,2025-09-11
UOS/USDT,UOS,USDT,2025-09-11
DFC/USDT,DFC,USDT,2025-09-11
GTCOIN/USDT,GTCOIN,USDT,2025-09-11
TAA/USDT,TAA,USDT,2025-09-11
HOODX/USDT,HOODX,USDT,2025-09-11
XLS/USDT,XLS,USDT,2025-09-11
RENQ/USDT,RENQ,USDT,2025-09-11
BLPT/USDT,BLPT,USDT,2025-09-11
CATE/USDT,CATE,USDT,2025-09-11
UPT/USDT,UPT,USDT,2025-09-11
GO/USDT,GO,USDT,2025-09-11
LUCKYCOIN/USDT,LUCKYCOIN,USDT,2025-09-11
XGROK/USDT,XGROK,USDT,2025-09-11
CROAK/USDT,CROAK,USDT,2025-09-11
TRUMP2024/USDT,TRUMP2024,USDT,2025-09-11
NYLA/USDT,NYLA,USDT,2025-09-11
MUDOL2/USDT,MUDOL2,USDT,2025-09-11
JSM/USDT,JSM,USDT,2025-09-11
GROW/USDT,GROW,USDT,2025-09-11
DINO/USDT,DINO,USDT,2025-09-11
ZRS/USDT,ZRS,USDT,2025-09-11
YAKA/USDT,YAKA,USDT,2025-09-11
IMAGINE/USDT,IMAGINE,USDT,2025-09-11
IONX/USDT,IONX,USDT,2025-09-11
RVX/USDT,RVX,USDT,2025-09-11
LMCSWAP/USDT,LMCSWAP,USDT,2025-09-11
BEETS/USDT,BEETS,USDT,2025-09-11
NDQ/USDT,NDQ,USDT,2025-09-11
PKTC/USDT,PKTC,USDT,2025-09-11
KDG/USDT,KDG,USDT,2025-09-11
HQ/USDT,HQ,USDT,2025-09-11
BITCAT/USDT,BITCAT,USDT,2025-09-11
PMG/USDT,PMG,USDT,2025-09-11
AE/USDT,AE,USDT,2025-09-11
LAMBO/USDT,LAMBO,USDT,2025-09-11
RETARDIO/USDT,RETARDIO,USDT,2025-09-11
IRISVIRTUAL/USDT,IRISVIRTUAL,USDT,2025-09-11
SQUAD/USDT,SQUAD,USDT,2025-09-11
PYN/USDT,PYN,USDT,2025-09-11
ELK/USDT,ELK,USDT,2025-09-11
BART/USDT,BART,USDT,2025-09-11
DKS/USDT,DKS,USDT,2025-09-11
FPX/USDT,FPX,USDT,2025-09-11
NEBL/USDT,NEBL,USDT,2025-09-11
EXS/USDT,EXS,USDT,2025-09-11
GOG/USDT,GOG,USDT,2025-09-11
COINX/USDT,COINX,USDT,2025-09-11
EON/USDT,EON,USDT,2025-09-11
AJUN/USDT,AJUN,USDT,2025-09-11
ONDOAI/USDT,ONDOAI,USDT,2025-09-11
NYAN/USDT,NYAN,USDT,2025-09-11
MCB/USDT,MCB,USDT,2025-09-11
REALIUM/USDT,REALIUM,USDT,2025-09-11
OCMT/USDT,OCMT,USDT,2025-09-11
AGNT/USDT,AGNT,USDT,2025-09-11
POPE/USDT,POPE,USDT,2025-09-11
MARIE/USDT,MARIE,USDT,2025-09-11
CRTS/USDT,CRTS,USDT,2025-09-11
EKTA/USDT,EKTA,USDT,2025-09-11
SPONGE/USDT,SPONGE,USDT,2025-09-11
LBR/USDT,LBR,USDT,2025-09-11
LBTC/USDT,LBTC,USDT,2025-09-11
SIMPSONETH/USDT,SIMPSONETH,USDT,2025-09-11
GGMT/USDT,GGMT,USDT,2025-09-11
STAGE/USDT,STAGE,USDT,2025-09-11
SCAM/USDT,SCAM,USDT,2025-09-11
FWC/USDT,FWC,USDT,2025-09-11
MPAA/USDT,MPAA,USDT,2025-09-11
EARNM/USDT,EARNM,USDT,2025-09-11
LCAT/USDT,LCAT,USDT,2025-09-11
HENLO/USDT,HENLO,USDT,2025-09-11
DARK/USDT,DARK,USDT,2025-09-11
NODEX/USDT,NODEX,USDT,2025-09-11
SYLO/USDT,SYLO,USDT,2025-09-12
KALIS/USDT,KALIS,USDT,2025-09-12
XCV/USDT,XCV,USDT,2025-09-12
DOP/USDT,DOP,USDT,2025-09-12
FAND/USDT,FAND,USDT,2025-09-12
MOON/USDT,MOON,USDT,2025-09-12
JUNO/USDT,JUNO,USDT,2025-09-12
ABBC/USDT,ABBC,USDT,2025-09-12
SYLO/USDT,SYLO,USDT,2025-09-13
KALIS/USDT,KALIS,USDT,2025-09-13
XCV/USDT,XCV,USDT,2025-09-13
DOP/USDT,DOP,USDT,2025-09-13
FAND/USDT,FAND,USDT,2025-09-13
MOON/USDT,MOON,USDT,2025-09-13
JUNO/USDT,JUNO,USDT,2025-09-13
ABBC/USDT,ABBC,USDT,2025-09-13
SYLO/USDT,SYLO,USDT,2025-09-17
XCV/USDT,XCV,USDT,2025-09-17
FAND/USDT,FAND,USDT,2025-09-17
ABBC/USDT,ABBC,USDT,2025-09-17
GQB/USDT,GQB,USDT,2025-09-17
WTA/USDT,WTA,USDT,2025-09-17
SSE/USDT,SSE,USDT,2025-09-17
GALAXIS/USDT,GALAXIS,USDT,2025-09-17
GULL/USDT,GULL,USDT,2025-09-17
SAN/USDT,SAN,USDT,2025-09-17
GREENBTC/USDT,GREENBTC,USDT,2025-09-17
NAP/USDT,NAP,USDT,2025-09-17
CNS/USDT,CNS,USDT,2025-09-17
FEAR/USDT,FEAR,USDT,2025-09-17
DON/USDT,DON,USDT,2025-09-17
HONOR/USDT,HONOR,USDT,2025-09-17
KRU/USDT,KRU,USDT,2025-09-17
STUPIDINU/USDT,STUPIDINU,USDT,2025-09-17
NOVA/USDT,NOVA,USDT,2025-09-17
EQ/USDT,EQ,USDT,2025-09-17
VICS/USDT,VICS,USDT,2025-09-17
FINBLOX/USDT,FINBLOX,USDT,2025-09-17
PTC/USDT,PTC,USDT,2025-09-17
GSTOP/USDT,GSTOP,USDT,2025-09-17
ISLM/USDT,ISLM,USDT,2025-09-17
BROWNHOUSE/USDT,BROWNHOUSE,USDT,2025-09-17
KALIS/USDT,KALIS,USDT,2025-09-17
FORWARD/USDT,FORWARD,USDT,2025-09-17
FLAY/USDT,FLAY,USDT,2025-09-17
OGGYETH/USDT,OGGYETH,USDT,2025-09-17
GQ/USDT,GQ,USDT,2025-09-17
UWON/USDT,UWON,USDT,2025-09-17
PS/USDT,PS,USDT,2025-09-17
DOGSOL/USDT,DOGSOL,USDT,2025-09-17
MASS/USDT,MASS,USDT,2025-09-17
ULX/USDT,ULX,USDT,2025-09-17
YAPYO/USDT,YAPYO,USDT,2025-09-17
REXSOL/USDT,REXSOL,USDT,2025-09-17
CT/USDT,CT,USDT,2025-09-17
LITTLEGUY/USDT,LITTLEGUY,USDT,2025-09-17
WALK/USDT,WALK,USDT,2025-09-17
DPR/USDT,DPR,USDT,2025-09-17
FUCOIN/USDT,FUCOIN,USDT,2025-09-17
WORTHLESS/USDT,WORTHLESS,USDT,2025-09-17
GENO/USDT,GENO,USDT,2025-09-17
SARM/USDT,SARM,USDT,2025-09-17
OMN/USDT,OMN,USDT,2025-09-17
NMD/USDT,NMD,USDT,2025-09-17
CROWN/USDT,CROWN,USDT,2025-09-17
INFOFI/USDT,INFOFI,USDT,2025-09-17
DRA/USDT,DRA,USDT,2025-09-17
DARKECLIPSE/USDT,DARKECLIPSE,USDT,2025-09-17
SGC/USDT,SGC,USDT,2025-09-17
RKNE/USDT,RKNE,USDT,2025-09-17
UOS/USDT,UOS,USDT,2025-09-17
ORANGE/USDT,ORANGE,USDT,2025-09-17
GTCOIN/USDT,GTCOIN,USDT,2025-09-17
REDBIRD/USDT,REDBIRD,USDT,2025-09-17
XLS/USDT,XLS,USDT,2025-09-17
PULSE/USDT,PULSE,USDT,2025-09-17
SENT/USDT,SENT,USDT,2025-09-17
CATE/USDT,CATE,USDT,2025-09-17
UPT/USDT,UPT,USDT,2025-09-17
PFVS/USDT,PFVS,USDT,2025-09-17
LUIGI/USDT,LUIGI,USDT,2025-09-17
TRISIG/USDT,TRISIG,USDT,2025-09-17
MUDOL2/USDT,MUDOL2,USDT,2025-09-17
JSM/USDT,JSM,USDT,2025-09-17
GROW/USDT,GROW,USDT,2025-09-17
CBK/USDT,CBK,USDT,2025-09-17
ZRS/USDT,ZRS,USDT,2025-09-17
YAKA/USDT,YAKA,USDT,2025-09-17
IONX/USDT,IONX,USDT,2025-09-17
LMCSWAP/USDT,LMCSWAP,USDT,2025-09-17
STND/USDT,STND,USDT,2025-09-17
PKTC/USDT,PKTC,USDT,2025-09-17
KDG/USDT,KDG,USDT,2025-09-17
HQ/USDT,HQ,USDT,2025-09-17
BITCAT/USDT,BITCAT,USDT,2025-09-17
PMG/USDT,PMG,USDT,2025-09-17
AE/USDT,AE,USDT,2025-09-17
RETARDIO/USDT,RETARDIO,USDT,2025-09-17
ARENA/USDT,ARENA,USDT,2025-09-17
NOTAI/USDT,NOTAI,USDT,2025-09-17
SQUAD/USDT,SQUAD,USDT,2025-09-17
ELK/USDT,ELK,USDT,2025-09-17
TOTAKEKE/USDT,TOTAKEKE,USDT,2025-09-17
UPTOP/USDT,UPTOP,USDT,2025-09-17
GPUAI/USDT,GPUAI,USDT,2025-09-17
MOON/USDT,MOON,USDT,2025-09-17
JUNO/USDT,JUNO,USDT,2025-09-17
NEBL/USDT,NEBL,USDT,2025-09-17
EXS/USDT,EXS,USDT,2025-09-17
DEB/USDT,DEB,USDT,2025-09-17
BLS/USDT,BLS,USDT,2025-09-17
FEL/USDT,FEL,USDT,2025-09-17
EON/USDT,EON,USDT,2025-09-17
AJUN/USDT,AJUN,USDT,2025-09-17
MCB/USDT,MCB,USDT,2025-09-17
TANAKI/USDT,TANAKI,USDT,2025-09-17
AGNT/USDT,AGNT,USDT,2025-09-17
PEPEBAGS/USDT,PEPEBAGS,USDT,2025-09-17
CRTS/USDT,CRTS,USDT,2025-09-17
LBTC1/USDT,LBTC1,USDT,2025-09-17
WRKX/USDT,WRKX,USDT,2025-09-17
VERSE/USDT,VERSE,USDT,2025-09-17
DETF/USDT,DETF,USDT,2025-09-17
GGMT/USDT,GGMT,USDT,2025-09-17
STAGE/USDT,STAGE,USDT,2025-09-17
SCAM/USDT,SCAM,USDT,2025-09-17
MPAA/USDT,MPAA,USDT,2025-09-17
EARNM/USDT,EARNM,USDT,2025-09-17
LCAT/USDT,LCAT,USDT,2025-09-17
BTH/USDT,BTH,USDT,2025-09-17
HENLO/USDT,HENLO,USDT,2025-09-17
SYLO/USDT,SYLO,USDT,2025-09-22
XCV/USDT,XCV,USDT,2025-09-22
ABBC/USDT,ABBC,USDT,2025-09-22
SYLO/USDT,SYLO,USDT,2025-09-23
XCV/USDT,XCV,USDT,2025-09-23
ABBC/USDT,ABBC,USDT,2025-09-23
GQB/USDT,GQB,USDT,2025-09-23
WTA/USDT,WTA,USDT,2025-09-23
GALAXIS/USDT,GALAXIS,USDT,2025-09-23
GULL/USDT,GULL,USDT,2025-09-23
SAN/USDT,SAN,USDT,2025-09-23
GREENBTC/USDT,GREENBTC,USDT,2025-09-23
NAP/USDT,NAP,USDT,2025-09-23
DON/USDT,DON,USDT,2025-09-23
KRU/USDT,KRU,USDT,2025-09-23
STUPIDINU/USDT,STUPIDINU,USDT,2025-09-23
NOVA/USDT,NOVA,USDT,2025-09-23
EQ/USDT,EQ,USDT,2025-09-23
MSTRX/USDT,MSTRX,USDT,2025-09-23
VICS/USDT,VICS,USDT,2025-09-23
FINBLOX/USDT,FINBLOX,USDT,2025-09-23
PHYCHAIN/USDT,PHYCHAIN,USDT,2025-09-23
GSTOP/USDT,GSTOP,USDT,2025-09-23
BROWNHOUSE/USDT,BROWNHOUSE,USDT,2025-09-23
KALIS/USDT,KALIS,USDT,2025-09-23
FORWARD/USDT,FORWARD,USDT,2025-09-23
FLAY/USDT,FLAY,USDT,2025-09-23
PEPEONTRON/USDT,PEPEONTRON,USDT,2025-09-23
OGGYETH/USDT,OGGYETH,USDT,2025-09-23
GQ/USDT,GQ,USDT,2025-09-23
ANITA/USDT,ANITA,USDT,2025-09-23
DOGSOL/USDT,DOGSOL,USDT,2025-09-23
MASS/USDT,MASS,USDT,2025-09-23
ULX/USDT,ULX,USDT,2025-09-23
REXSOL/USDT,REXSOL,USDT,2025-09-23
LITTLEGUY/USDT,LITTLEGUY,USDT,2025-09-23
GFM/USDT,GFM,USDT,2025-09-23
WALK/USDT,WALK,USDT,2025-09-23
DPR/USDT,DPR,USDT,2025-09-23
FUCOIN/USDT,FUCOIN,USDT,2025-09-23
DEFROGS/USDT,DEFROGS,USDT,2025-09-23
NZC/USDT,NZC,USDT,2025-09-23
WORTHLESS/USDT,WORTHLESS,USDT,2025-09-23
GENO/USDT,GENO,USDT,2025-09-23
CLX/USDT,CLX,USDT,2025-09-23
DIGIGOAL/USDT,DIGIGOAL,USDT,2025-09-23
CROWN/USDT,CROWN,USDT,2025-09-23
INFOFI/USDT,INFOFI,USDT,2025-09-23
DRA/USDT,DRA,USDT,2025-09-23
DOMI/USDT,DOMI,USDT,2025-09-23
PLYR/USDT,PLYR,USDT,2025-09-23
BUNNY/USDT,BUNNY,USDT,2025-09-23
MMD/USDT,MMD,USDT,2025-09-23
DOGA/USDT,DOGA,USDT,2025-09-23
DOGEAI/USDT,DOGEAI,USDT,2025-09-23
UOS/USDT,UOS,USDT,2025-09-23
ORANGE/USDT,ORANGE,USDT,2025-09-23
VOLTAGE/USDT,VOLTAGE,USDT,2025-09-23
XLS/USDT,XLS,USDT,2025-09-23
CATE/USDT,CATE,USDT,2025-09-23
UPT/USDT,UPT,USDT,2025-09-23
STNK/USDT,STNK,USDT,2025-09-23
ARCHAI/USDT,ARCHAI,USDT,2025-09-23
LUIGI/USDT,LUIGI,USDT,2025-09-23
PLMS/USDT,PLMS,USDT,2025-09-23
TRISIG/USDT,TRISIG,USDT,2025-09-23
MUDOL2/USDT,MUDOL2,USDT,2025-09-23
JSM/USDT,JSM,USDT,2025-09-23
GROW/USDT,GROW,USDT,2025-09-23
FMXEN/USDT,FMXEN,USDT,2025-09-23
ZRS/USDT,ZRS,USDT,2025-09-23
YAKA/USDT,YAKA,USDT,2025-09-23
IONX/USDT,IONX,USDT,2025-09-23
XRP2/USDT,XRP2,USDT,2025-09-23
LMCSWAP/USDT,LMCSWAP,USDT,2025-09-23
XHP/USDT,XHP,USDT,2025-09-23
PALM/USDT,PALM,USDT,2025-09-23
PKTC/USDT,PKTC,USDT,2025-09-23
KDG/USDT,KDG,USDT,2025-09-23
HQ/USDT,HQ,USDT,2025-09-23
BITCAT/USDT,BITCAT,USDT,2025-09-23
DCC/USDT,DCC,USDT,2025-09-23
PMG/USDT,PMG,USDT,2025-09-23
AE/USDT,AE,USDT,2025-09-23
RETARDIO/USDT,RETARDIO,USDT,2025-09-23
ARENA/USDT,ARENA,USDT,2025-09-23
SQUAD/USDT,SQUAD,USDT,2025-09-23
ELK/USDT,ELK,USDT,2025-09-23
TOTAKEKE/USDT,TOTAKEKE,USDT,2025-09-23
PEPECAT/USDT,PEPECAT,USDT,2025-09-23
BCT/USDT,BCT,USDT,2025-09-23
DAOLITY/USDT,DAOLITY,USDT,2025-09-23
MOON/USDT,MOON,USDT,2025-09-23
SKYAI/USDT,SKYAI,USDT,2025-09-23
JUNO/USDT,JUNO,USDT,2025-09-23
SAFFRONFI/USDT,SAFFRONFI,USDT,2025-09-23
SUPR/USDT,SUPR,USDT,2025-09-23
NEBL/USDT,NEBL,USDT,2025-09-23
EXS/USDT,EXS,USDT,2025-09-23
DEB/USDT,DEB,USDT,2025-09-23
SDT/USDT,SDT,USDT,2025-09-23
EON/USDT,EON,USDT,2025-09-23
AJUN/USDT,AJUN,USDT,2025-09-23
SPKY/USDT,SPKY,USDT,2025-09-23
MCB/USDT,MCB,USDT,2025-09-23
STB/USDT,STB,USDT,2025-09-23
TANAKI/USDT,TANAKI,USDT,2025-09-23
AGNT/USDT,AGNT,USDT,2025-09-23
PEPEBAGS/USDT,PEPEBAGS,USDT,2025-09-23
CRTS/USDT,CRTS,USDT,2025-09-23
TBA/USDT,TBA,USDT,2025-09-23
XGAS/USDT,XGAS,USDT,2025-09-23
LBTC1/USDT,LBTC1,USDT,2025-09-23
WRKX/USDT,WRKX,USDT,2025-09-23
VERSE/USDT,VERSE,USDT,2025-09-23
GGMT/USDT,GGMT,USDT,2025-09-23
STAGE/USDT,STAGE,USDT,2025-09-23
SCAM/USDT,SCAM,USDT,2025-09-23
MPAA/USDT,MPAA,USDT,2025-09-23
EARNM/USDT,EARNM,USDT,2025-09-23
LCAT/USDT,LCAT,USDT,2025-09-23
BTH/USDT,BTH,USDT,2025-09-23
HENLO/USDT,HENLO,USDT,2025-09-23
SHOOT/USDT,SHOOT,USDT,2025-09-23
FORK/USDT,FORK,USDT,2025-09-23
HALO/USDT,HALO,USDT,2025-09-23
CLANKERSOL/USDT,CLANKERSOL,USDT,2025-09-23
BHOO/USDT,BHOO,USDT,2025-09-23
COMBO/USDT,COMBO,USDT,2025-09-23
ROOM/USDT,ROOM,USDT,2025-09-23
ANONCOIN/USDT,ANONCOIN,USDT,2025-09-23
SERO/USDT,SERO,USDT,2025-09-23
SYLO/USDT,SYLO,USDT,2025-09-24
XCV/USDT,XCV,USDT,2025-09-24
ABBC/USDT,ABBC,USDT,2025-09-24
GQB/USDT,GQB,USDT,2025-09-24
WTA/USDT,WTA,USDT,2025-09-24
GALAXIS/USDT,GALAXIS,USDT,2025-09-24
GULL/USDT,GULL,USDT,2025-09-24
SAN/USDT,SAN,USDT,2025-09-24
GREENBTC/USDT,GREENBTC,USDT,2025-09-24
NAP/USDT,NAP,USDT,2025-09-24
FORK/USDT,FORK,USDT,2025-09-24
DON/USDT,DON,USDT,2025-09-24
KRU/USDT,KRU,USDT,2025-09-24
STUPIDINU/USDT,STUPIDINU,USDT,2025-09-24
NOVA/USDT,NOVA,USDT,2025-09-24
EQ/USDT,EQ,USDT,2025-09-24
MSTRX/USDT,MSTRX,USDT,2025-09-24
VICS/USDT,VICS,USDT,2025-09-24
FINBLOX/USDT,FINBLOX,USDT,2025-09-24
HALO/USDT,HALO,USDT,2025-09-24
PHYCHAIN/USDT,PHYCHAIN,USDT,2025-09-24
GSTOP/USDT,GSTOP,USDT,2025-09-24
BROWNHOUSE/USDT,BROWNHOUSE,USDT,2025-09-24
KALIS/USDT,KALIS,USDT,2025-09-24
FORWARD/USDT,FORWARD,USDT,2025-09-24
FLAY/USDT,FLAY,USDT,2025-09-24
PEPEONTRON/USDT,PEPEONTRON,USDT,2025-09-24
OGGYETH/USDT,OGGYETH,USDT,2025-09-24
CLANKERSOL/USDT,CLANKERSOL,USDT,2025-09-24
GQ/USDT,GQ,USDT,2025-09-24
ANITA/USDT,ANITA,USDT,2025-09-24
DOGSOL/USDT,DOGSOL,USDT,2025-09-24
MASS/USDT,MASS,USDT,2025-09-24
ULX/USDT,ULX,USDT,2025-09-24
REXSOL/USDT,REXSOL,USDT,2025-09-24
LITTLEGUY/USDT,LITTLEGUY,USDT,2025-09-24
GFM/USDT,GFM,USDT,2025-09-24
WALK/USDT,WALK,USDT,2025-09-24
DPR/USDT,DPR,USDT,2025-09-24
FUCOIN/USDT,FUCOIN,USDT,2025-09-24
DEFROGS/USDT,DEFROGS,USDT,2025-09-24
NZC/USDT,NZC,USDT,2025-09-24
WORTHLESS/USDT,WORTHLESS,USDT,2025-09-24
GENO/USDT,GENO,USDT,2025-09-24
CLX/USDT,CLX,USDT,2025-09-24
BHOO/USDT,BHOO,USDT,2025-09-24
DIGIGOAL/USDT,DIGIGOAL,USDT,2025-09-24
CROWN/USDT,CROWN,USDT,2025-09-24
INFOFI/USDT,INFOFI,USDT,2025-09-24
DRA/USDT,DRA,USDT,2025-09-24
DOMI/USDT,DOMI,USDT,2025-09-24
PLYR/USDT,PLYR,USDT,2025-09-24
BUNNY/USDT,BUNNY,USDT,2025-09-24
MMD/USDT,MMD,USDT,2025-09-24
DOGA/USDT,DOGA,USDT,2025-09-24
DOGEAI/USDT,DOGEAI,USDT,2025-09-24
UOS/USDT,UOS,USDT,2025-09-24
ORANGE/USDT,ORANGE,USDT,2025-09-24
VOLTAGE/USDT,VOLTAGE,USDT,2025-09-24
XLS/USDT,XLS,USDT,2025-09-24
CATE/USDT,CATE,USDT,2025-09-24
STNK/USDT,STNK,USDT,2025-09-24
ARCHAI/USDT,ARCHAI,USDT,2025-09-24
LUIGI/USDT,LUIGI,USDT,2025-09-24
PLMS/USDT,PLMS,USDT,2025-09-24
TRISIG/USDT,TRISIG,USDT,2025-09-24
MUDOL2/USDT,MUDOL2,USDT,2025-09-24
JSM/USDT,JSM,USDT,2025-09-24
GROW/USDT,GROW,USDT,2025-09-24
COMBO/USDT,COMBO,USDT,2025-09-24
FMXEN/USDT,FMXEN,USDT,2025-09-24
ZRS/USDT,ZRS,USDT,2025-09-24
YAKA/USDT,YAKA,USDT,2025-09-24
IONX/USDT,IONX,USDT,2025-09-24
XRP2/USDT,XRP2,USDT,2025-09-24
LMCSWAP/USDT,LMCSWAP,USDT,2025-09-24
XHP/USDT,XHP,USDT,2025-09-24
PALM/USDT,PALM,USDT,2025-09-24
PKTC/USDT,PKTC,USDT,2025-09-24
KDG/USDT,KDG,USDT,2025-09-24
HQ/USDT,HQ,USDT,2025-09-24
BITCAT/USDT,BITCAT,USDT,2025-09-24
PMG/USDT,PMG,USDT,2025-09-24
AE/USDT,AE,USDT,2025-09-24
RETARDIO/USDT,RETARDIO,USDT,2025-09-24
ARENA/USDT,ARENA,USDT,2025-09-24
SQUAD/USDT,SQUAD,USDT,2025-09-24
ROOM/USDT,ROOM,USDT,2025-09-24
TOTAKEKE/USDT,TOTAKEKE,USDT,2025-09-24
ANONCOIN/USDT,ANONCOIN,USDT,2025-09-24
PEPECAT/USDT,PEPECAT,USDT,2025-09-24
BCT/USDT,BCT,USDT,2025-09-24
DAOLITY/USDT,DAOLITY,USDT,2025-09-24
MOON/USDT,MOON,USDT,2025-09-24
SKYAI/USDT,SKYAI,USDT,2025-09-24
JUNO/USDT,JUNO,USDT,2025-09-24
SAFFRONFI/USDT,SAFFRONFI,USDT,2025-09-24
SUPR/USDT,SUPR,USDT,2025-09-24
NEBL/USDT,NEBL,USDT,2025-09-24
EXS/USDT,EXS,USDT,2025-09-24
DEB/USDT,DEB,USDT,2025-09-24
SDT/USDT,SDT,USDT,2025-09-24
EON/USDT,EON,USDT,2025-09-24
AJUN/USDT,AJUN,USDT,2025-09-24
SPKY/USDT,SPKY,USDT,2025-09-24
MCB/USDT,MCB,USDT,2025-09-24
STB/USDT,STB,USDT,2025-09-24
TANAKI/USDT,TANAKI,USDT,2025-09-24
AGNT/USDT,AGNT,USDT,2025-09-24
PEPEBAGS/USDT,PEPEBAGS,USDT,2025-09-24
CRTS/USDT,CRTS,USDT,2025-09-24
TBA/USDT,TBA,USDT,2025-09-24
XGAS/USDT,XGAS,USDT,2025-09-24
LBTC1/USDT,LBTC1,USDT,2025-09-24
WRKX/USDT,WRKX,USDT,2025-09-24
VERSE/USDT,VERSE,USDT,2025-09-24
GGMT/USDT,GGMT,USDT,2025-09-24
STAGE/USDT,STAGE,USDT,2025-09-24
SCAM/USDT,SCAM,USDT,2025-09-24
MPAA/USDT,MPAA,USDT,2025-09-24
EARNM/USDT,EARNM,USDT,2025-09-24
LCAT/USDT,LCAT,USDT,2025-09-24
BTH/USDT,BTH,USDT,2025-09-24
HENLO/USDT,HENLO,USDT,2025-09-24
SHOOT/USDT,SHOOT,USDT,2025-09-24
SERO/USDT,SERO,USDT,2025-09-24
AUTOS/USDT,AUTOS,USDT,2025-09-24
SYLO/USDT,SYLO,USDT,2025-09-25
XCV/USDT,XCV,USDT,2025-09-25
AUTOS/USDT,AUTOS,USDT,2025-09-25
ABBC/USDT,ABBC,USDT,2025-09-25
GQB/USDT,GQB,USDT,2025-09-25
WTA/USDT,WTA,USDT,2025-09-25
GALAXIS/USDT,GALAXIS,USDT,2025-09-25
GULL/USDT,GULL,USDT,2025-09-25
SAN/USDT,SAN,USDT,2025-09-25
GREENBTC/USDT,GREENBTC,USDT,2025-09-25
NAP/USDT,NAP,USDT,2025-09-25
FORK/USDT,FORK,USDT,2025-09-25
DON/USDT,DON,USDT,2025-09-25
KRU/USDT,KRU,USDT,2025-09-25
STUPIDINU/USDT,STUPIDINU,USDT,2025-09-25
NOVA/USDT,NOVA,USDT,2025-09-25
EQ/USDT,EQ,USDT,2025-09-25
MSTRX/USDT,MSTRX,USDT,2025-09-25
VICS/USDT,VICS,USDT,2025-09-25
FINBLOX/USDT,FINBLOX,USDT,2025-09-25
HALO/USDT,HALO,USDT,2025-09-25
PHYCHAIN/USDT,PHYCHAIN,USDT,2025-09-25
GSTOP/USDT,GSTOP,USDT,2025-09-25
BROWNHOUSE/USDT,BROWNHOUSE,USDT,2025-09-25
KALIS/USDT,KALIS,USDT,2025-09-25
FORWARD/USDT,FORWARD,USDT,2025-09-25
FLAY/USDT,FLAY,USDT,2025-09-25
PEPEONTRON/USDT,PEPEONTRON,USDT,2025-09-25
OGGYETH/USDT,OGGYETH,USDT,2025-09-25
CLANKERSOL/USDT,CLANKERSOL,USDT,2025-09-25
GQ/USDT,GQ,USDT,2025-09-25
ANITA/USDT,ANITA,USDT,2025-09-25
DOGSOL/USDT,DOGSOL,USDT,2025-09-25
MASS/USDT,MASS,USDT,2025-09-25
ULX/USDT,ULX,USDT,2025-09-25
REXSOL/USDT,REXSOL,USDT,2025-09-25
LITTLEGUY/USDT,LITTLEGUY,USDT,2025-09-25
GFM/USDT,GFM,USDT,2025-09-25
WALK/USDT,WALK,USDT,2025-09-25
DPR/USDT,DPR,USDT,2025-09-25
FUCOIN/USDT,FUCOIN,USDT,2025-09-25
DEFROGS/USDT,DEFROGS,USDT,2025-09-25
NZC/USDT,NZC,USDT,2025-09-25
WORTHLESS/USDT,WORTHLESS,USDT,2025-09-25
GENO/USDT,GENO,USDT,2025-09-25
CLX/USDT,CLX,USDT,2025-09-25
BHOO/USDT,BHOO,USDT,2025-09-25
DIGIGOAL/USDT,DIGIGOAL,USDT,2025-09-25
CROWN/USDT,CROWN,USDT,2025-09-25
INFOFI/USDT,INFOFI,USDT,2025-09-25
DRA/USDT,DRA,USDT,2025-09-25
DOMI/USDT,DOMI,USDT,2025-09-25
PLYR/USDT,PLYR,USDT,2025-09-25
BUNNY/USDT,BUNNY,USDT,2025-09-25
MMD/USDT,MMD,USDT,2025-09-25
DOGA/USDT,DOGA,USDT,2025-09-25
DOGEAI/USDT,DOGEAI,USDT,2025-09-25
UOS/USDT,UOS,USDT,2025-09-25
ORANGE/USDT,ORANGE,USDT,2025-09-25
VOLTAGE/USDT,VOLTAGE,USDT,2025-09-25
XLS/USDT,XLS,USDT,2025-09-25
CATE/USDT,CATE,USDT,2025-09-25
STNK/USDT,STNK,USDT,2025-09-25
ARCHAI/USDT,ARCHAI,USDT,2025-09-25
LUIGI/USDT,LUIGI,USDT,2025-09-25
PLMS/USDT,PLMS,USDT,2025-09-25
TRISIG/USDT,TRISIG,USDT,2025-09-25
MUDOL2/USDT,MUDOL2,USDT,2025-09-25
JSM/USDT,JSM,USDT,2025-09-25
GROW/USDT,GROW,USDT,2025-09-25
COMBO/USDT,COMBO,USDT,2025-09-25
FMXEN/USDT,FMXEN,USDT,2025-09-25
ZRS/USDT,ZRS,USDT,2025-09-25
YAKA/USDT,YAKA,USDT,2025-09-25
IONX/USDT,IONX,USDT,2025-09-25
XRP2/USDT,XRP2,USDT,2025-09-25
LMCSWAP/USDT,LMCSWAP,USDT,2025-09-25
XHP/USDT,XHP,USDT,2025-09-25
PALM/USDT,PALM,USDT,2025-09-25
PKTC/USDT,PKTC,USDT,2025-09-25
KDG/USDT,KDG,USDT,2025-09-25
HQ/USDT,HQ,USDT,2025-09-25
BITCAT/USDT,BITCAT,USDT,2025-09-25
PMG/USDT,PMG,USDT,2025-09-25
AE/USDT,AE,USDT,2025-09-25
RETARDIO/USDT,RETARDIO,USDT,2025-09-25
ARENA/USDT,ARENA,USDT,2025-09-25
SQUAD/USDT,SQUAD,USDT,2025-09-25
ROOM/USDT,ROOM,USDT,2025-09-25
TOTAKEKE/USDT,TOTAKEKE,USDT,2025-09-25
ANONCOIN/USDT,ANONCOIN,USDT,2025-09-25
PEPECAT/USDT,PEPECAT,USDT,2025-09-25
BCT/USDT,BCT,USDT,2025-09-25
DAOLITY/USDT,DAOLITY,USDT,2025-09-25
MOON/USDT,MOON,USDT,2025-09-25
SKYAI/USDT,SKYAI,USDT,2025-09-25
JUNO/USDT,JUNO,USDT,2025-09-25
SAFFRONFI/USDT,SAFFRONFI,USDT,2025-09-25
SUPR/USDT,SUPR,USDT,2025-09-25
NEBL/USDT,NEBL,USDT,2025-09-25
EXS/USDT,EXS,USDT,2025-09-25
DEB/USDT,DEB,USDT,2025-09-25
SDT/USDT,SDT,USDT,2025-09-25
EON/USDT,EON,USDT,2025-09-25
AJUN/USDT,AJUN,USDT,2025-09-25
SPKY/USDT,SPKY,USDT,2025-09-25
MCB/USDT,MCB,USDT,2025-09-25
TANAKI/USDT,TANAKI,USDT,2025-09-25
AGNT/USDT,AGNT,USDT,2025-09-25
PEPEBAGS/USDT,PEPEBAGS,USDT,2025-09-25
CRTS/USDT,CRTS,USDT,2025-09-25
TBA/USDT,TBA,USDT,2025-09-25
XGAS/USDT,XGAS,USDT,2025-09-25
LBTC1/USDT,LBTC1,USDT,2025-09-25
WRKX/USDT,WRKX,USDT,2025-09-25
VERSE/USDT,VERSE,USDT,2025-09-25
GGMT/USDT,GGMT,USDT,2025-09-25
STAGE/USDT,STAGE,USDT,2025-09-25
SCAM/USDT,SCAM,USDT,2025-09-25
MPAA/USDT,MPAA,USDT,2025-09-25
EARNM/USDT,EARNM,USDT,2025-09-25
LCAT/USDT,LCAT,USDT,2025-09-25
BTH/USDT,BTH,USDT,2025-09-25
HENLO/USDT,HENLO,USDT,2025-09-25
SHOOT/USDT,SHOOT,USDT,2025-09-25
SERO/USDT,SERO,USDT,2025-09-25
SYLO/USDT,SYLO,USDT,2025-09-26
XCV/USDT,XCV,USDT,2025-09-26
AUTOS/USDT,AUTOS,USDT,2025-09-26
ABBC/USDT,ABBC,USDT,2025-09-26
GQB/USDT,GQB,USDT,2025-09-26
WTA/USDT,WTA,USDT,2025-09-26
GALAXIS/USDT,GALAXIS,USDT,2025-09-26
GULL/USDT,GULL,USDT,2025-09-26
GREENBTC/USDT,GREENBTC,USDT,2025-09-26
NAP/USDT,NAP,USDT,2025-09-26
KRU/USDT,KRU,USDT,2025-09-26
NOVA/USDT,NOVA,USDT,2025-09-26
EQ/USDT,EQ,USDT,2025-09-26
VICS/USDT,VICS,USDT,2025-09-26
FINBLOX/USDT,FINBLOX,USDT,2025-09-26
PHYCHAIN/USDT,PHYCHAIN,USDT,2025-09-26
GSTOP/USDT,GSTOP,USDT,2025-09-26
KALIS/USDT,KALIS,USDT,2025-09-26
FORWARD/USDT,FORWARD,USDT,2025-09-26
FLAY/USDT,FLAY,USDT,2025-09-26
OGGYETH/USDT,OGGYETH,USDT,2025-09-26
GQ/USDT,GQ,USDT,2025-09-26
MASS/USDT,MASS,USDT,2025-09-26
ULX/USDT,ULX,USDT,2025-09-26
WALK/USDT,WALK,USDT,2025-09-26
DPR/USDT,DPR,USDT,2025-09-26
FUCOIN/USDT,FUCOIN,USDT,2025-09-26
NZC/USDT,NZC,USDT,2025-09-26
GENO/USDT,GENO,USDT,2025-09-26
DIGIGOAL/USDT,DIGIGOAL,USDT,2025-09-26
CROWN/USDT,CROWN,USDT,2025-09-26
INFOFI/USDT,INFOFI,USDT,2025-09-26
DRA/USDT,DRA,USDT,2025-09-26
DOMI/USDT,DOMI,USDT,2025-09-26
DOGEAI/USDT,DOGEAI,USDT,2025-09-26
UOS/USDT,UOS,USDT,2025-09-26
MUSKIT/USDT,MUSKIT,USDT,2025-09-26
XLS/USDT,XLS,USDT,2025-09-26
CATE/USDT,CATE,USDT,2025-09-26
TRISIG/USDT,TRISIG,USDT,2025-09-26
MUDOL2/USDT,MUDOL2,USDT,2025-09-26
JSM/USDT,JSM,USDT,2025-09-26
GROW/USDT,GROW,USDT,2025-09-26
CAM/USDT,CAM,USDT,2025-09-26
FMXEN/USDT,FMXEN,USDT,2025-09-26
ZRS/USDT,ZRS,USDT,2025-09-26
YAKA/USDT,YAKA,USDT,2025-09-26
IONX/USDT,IONX,USDT,2025-09-26
EPLIE/USDT,EPLIE,USDT,2025-09-26
LMCSWAP/USDT,LMCSWAP,USDT,2025-09-26
PKTC/USDT,PKTC,USDT,2025-09-26
KDG/USDT,KDG,USDT,2025-09-26
HQ/USDT,HQ,USDT,2025-09-26
BITCAT/USDT,BITCAT,USDT,2025-09-26
PMG/USDT,PMG,USDT,2025-09-26
AE/USDT,AE,USDT,2025-09-26
RETARDIO/USDT,RETARDIO,USDT,2025-09-26
ARENA/USDT,ARENA,USDT,2025-09-26
SQUAD/USDT,SQUAD,USDT,2025-09-26
MOON/USDT,MOON,USDT,2025-09-26
JUNO/USDT,JUNO,USDT,2025-09-26
OMNIA/USDT,OMNIA,USDT,2025-09-26
NEBL/USDT,NEBL,USDT,2025-09-26
EXS/USDT,EXS,USDT,2025-09-26
DEB/USDT,DEB,USDT,2025-09-26
SDT/USDT,SDT,USDT,2025-09-26
EON/USDT,EON,USDT,2025-09-26
AJUN/USDT,AJUN,USDT,2025-09-26
PONGO/USDT,PONGO,USDT,2025-09-26
MCB/USDT,MCB,USDT,2025-09-26
AGNT/USDT,AGNT,USDT,2025-09-26
CRTS/USDT,CRTS,USDT,2025-09-26
LBTC1/USDT,LBTC1,USDT,2025-09-26
GGMT/USDT,GGMT,USDT,2025-09-26
STAGE/USDT,STAGE,USDT,2025-09-26
SCAM/USDT,SCAM,USDT,2025-09-26
MPAA/USDT,MPAA,USDT,2025-09-26
EARNM/USDT,EARNM,USDT,2025-09-26
LCAT/USDT,LCAT,USDT,2025-09-26
HENLO/USDT,HENLO,USDT,2025-09-26
SYLO/USDT,SYLO,USDT,2025-09-27
XCV/USDT,XCV,USDT,2025-09-27
AUTOS/USDT,AUTOS,USDT,2025-09-27
ABBC/USDT,ABBC,USDT,2025-09-27
GQB/USDT,GQB,USDT,2025-09-27
WTA/USDT,WTA,USDT,2025-09-27
GALAXIS/USDT,GALAXIS,USDT,2025-09-27
GULL/USDT,GULL,USDT,2025-09-27
GREENBTC/USDT,GREENBTC,USDT,2025-09-27
NAP/USDT,NAP,USDT,2025-09-27
KRU/USDT,KRU,USDT,2025-09-27
NOVA/USDT,NOVA,USDT,2025-09-27
EQ/USDT,EQ,USDT,2025-09-27
VICS/USDT,VICS,USDT,2025-09-27
FINBLOX/USDT,FINBLOX,USDT,2025-09-27
PHYCHAIN/USDT,PHYCHAIN,USDT,2025-09-27
GSTOP/USDT,GSTOP,USDT,2025-09-27
KALIS/USDT,KALIS,USDT,2025-09-27
FORWARD/USDT,FORWARD,USDT,2025-09-27
FLAY/USDT,FLAY,USDT,2025-09-27
OGGYETH/USDT,OGGYETH,USDT,2025-09-27
GQ/USDT,GQ,USDT,2025-09-27
MASS/USDT,MASS,USDT,2025-09-27
ULX/USDT,ULX,USDT,2025-09-27
WALK/USDT,WALK,USDT,2025-09-27
DPR/USDT,DPR,USDT,2025-09-27
FUCOIN/USDT,FUCOIN,USDT,2025-09-27
NZC/USDT,NZC,USDT,2025-09-27
GENO/USDT,GENO,USDT,2025-09-27
DIGIGOAL/USDT,DIGIGOAL,USDT,2025-09-27
CROWN/USDT,CROWN,USDT,2025-09-27
INFOFI/USDT,INFOFI,USDT,2025-09-27
DRA/USDT,DRA,USDT,2025-09-27
DOMI/USDT,DOMI,USDT,2025-09-27
DOGEAI/USDT,DOGEAI,USDT,2025-09-27
UOS/USDT,UOS,USDT,2025-09-27
MUSKIT/USDT,MUSKIT,USDT,2025-09-27
XLS/USDT,XLS,USDT,2025-09-27
CATE/USDT,CATE,USDT,2025-09-27
TRISIG/USDT,TRISIG,USDT,2025-09-27
MUDOL2/USDT,MUDOL2,USDT,2025-09-27
JSM/USDT,JSM,USDT,2025-09-27
GROW/USDT,GROW,USDT,2025-09-27
CAM/USDT,CAM,USDT,2025-09-27
FMXEN/USDT,FMXEN,USDT,2025-09-27
ZRS/USDT,ZRS,USDT,2025-09-27
YAKA/USDT,YAKA,USDT,2025-09-27
IONX/USDT,IONX,USDT,2025-09-27
EPLIE/USDT,EPLIE,USDT,2025-09-27
LMCSWAP/USDT,LMCSWAP,USDT,2025-09-27
PKTC/USDT,PKTC,USDT,2025-09-27
KDG/USDT,KDG,USDT,2025-09-27
HQ/USDT,HQ,USDT,2025-09-27
BITCAT/USDT,BITCAT,USDT,2025-09-27
PMG/USDT,PMG,USDT,2025-09-27
AE/USDT,AE,USDT,2025-09-27
RETARDIO/USDT,RETARDIO,USDT,2025-09-27
ARENA/USDT,ARENA,USDT,2025-09-27
SQUAD/USDT,SQUAD,USDT,2025-09-27
MOON/USDT,MOON,USDT,2025-09-27
JUNO/USDT,JUNO,USDT,2025-09-27
OMNIA/USDT,OMNIA,USDT,2025-09-27
NEBL/USDT,NEBL,USDT,2025-09-27
EXS/USDT,EXS,USDT,2025-09-27
DEB/USDT,DEB,USDT,2025-09-27
SDT/USDT,SDT,USDT,2025-09-27
EON/USDT,EON,USDT,2025-09-27
AJUN/USDT,AJUN,USDT,2025-09-27
PONGO/USDT,PONGO,USDT,2025-09-27
MCB/USDT,MCB,USDT,2025-09-27
AGNT/USDT,AGNT,USDT,2025-09-27
CRTS/USDT,CRTS,USDT,2025-09-27
LBTC1/USDT,LBTC1,USDT,2025-09-27
GGMT/USDT,GGMT,USDT,2025-09-27
STAGE/USDT,STAGE,USDT,2025-09-27
SCAM/USDT,SCAM,USDT,2025-09-27
MPAA/USDT,MPAA,USDT,2025-09-27
EARNM/USDT,EARNM,USDT,2025-09-27
LCAT/USDT,LCAT,USDT,2025-09-27
HENLO/USDT,HENLO,USDT,2025-09-27
BONGO/USDT,BONGO,USDT,2025-09-27
XPE/USDT,XPE,USDT,2025-09-27
SYLO/USDT,SYLO,USDT,2025-09-28
XCV/USDT,XCV,USDT,2025-09-28
AUTOS/USDT,AUTOS,USDT,2025-09-28
ABBC/USDT,ABBC,USDT,2025-09-28
GQB/USDT,GQB,USDT,2025-09-28
WTA/USDT,WTA,USDT,2025-09-28
GALAXIS/USDT,GALAXIS,USDT,2025-09-28
GULL/USDT,GULL,USDT,2025-09-28
GREENBTC/USDT,GREENBTC,USDT,2025-09-28
NAP/USDT,NAP,USDT,2025-09-28
KRU/USDT,KRU,USDT,2025-09-28
NOVA/USDT,NOVA,USDT,2025-09-28
EQ/USDT,EQ,USDT,2025-09-28
VICS/USDT,VICS,USDT,2025-09-28
FINBLOX/USDT,FINBLOX,USDT,2025-09-28
PHYCHAIN/USDT,PHYCHAIN,USDT,2025-09-28
GSTOP/USDT,GSTOP,USDT,2025-09-28
KALIS/USDT,KALIS,USDT,2025-09-28
FORWARD/USDT,FORWARD,USDT,2025-09-28
FLAY/USDT,FLAY,USDT,2025-09-28
OGGYETH/USDT,OGGYETH,USDT,2025-09-28
GQ/USDT,GQ,USDT,2025-09-28
MASS/USDT,MASS,USDT,2025-09-28
ULX/USDT,ULX,USDT,2025-09-28
BONGO/USDT,BONGO,USDT,2025-09-28
WALK/USDT,WALK,USDT,2025-09-28
DPR/USDT,DPR,USDT,2025-09-28
FUCOIN/USDT,FUCOIN,USDT,2025-09-28
NZC/USDT,NZC,USDT,2025-09-28
GENO/USDT,GENO,USDT,2025-09-28
CROWN/USDT,CROWN,USDT,2025-09-28
INFOFI/USDT,INFOFI,USDT,2025-09-28
DRA/USDT,DRA,USDT,2025-09-28
DOGEAI/USDT,DOGEAI,USDT,2025-09-28
UOS/USDT,UOS,USDT,2025-09-28
MUSKIT/USDT,MUSKIT,USDT,2025-09-28
XLS/USDT,XLS,USDT,2025-09-28
CATE/USDT,CATE,USDT,2025-09-28
TRISIG/USDT,TRISIG,USDT,2025-09-28
MUDOL2/USDT,MUDOL2,USDT,2025-09-28
JSM/USDT,JSM,USDT,2025-09-28
GROW/USDT,GROW,USDT,2025-09-28
CAM/USDT,CAM,USDT,2025-09-28
FMXEN/USDT,FMXEN,USDT,2025-09-28
ZRS/USDT,ZRS,USDT,2025-09-28
YAKA/USDT,YAKA,USDT,2025-09-28
IONX/USDT,IONX,USDT,2025-09-28
EPLIE/USDT,EPLIE,USDT,2025-09-28
LMCSWAP/USDT,LMCSWAP,USDT,2025-09-28
PKTC/USDT,PKTC,USDT,2025-09-28
KDG/USDT,KDG,USDT,2025-09-28
HQ/USDT,HQ,USDT,2025-09-28
BITCAT/USDT,BITCAT,USDT,2025-09-28
PMG/USDT,PMG,USDT,2025-09-28
AE/USDT,AE,USDT,2025-09-28
RETARDIO/USDT,RETARDIO,USDT,2025-09-28
ARENA/USDT,ARENA,USDT,2025-09-28
SQUAD/USDT,SQUAD,USDT,2025-09-28
XPE/USDT,XPE,USDT,2025-09-28
MOON/USDT,MOON,USDT,2025-09-28
JUNO/USDT,JUNO,USDT,2025-09-28
OMNIA/USDT,OMNIA,USDT,2025-09-28
NEBL/USDT,NEBL,USDT,2025-09-28
EXS/USDT,EXS,USDT,2025-09-28
DEB/USDT,DEB,USDT,2025-09-28
SDT/USDT,SDT,USDT,2025-09-28
EON/USDT,EON,USDT,2025-09-28
AJUN/USDT,AJUN,USDT,2025-09-28
PONGO/USDT,PONGO,USDT,2025-09-28
MCB/USDT,MCB,USDT,2025-09-28
AGNT/USDT,AGNT,USDT,2025-09-28
CRTS/USDT,CRTS,USDT,2025-09-28
LBTC1/USDT,LBTC1,USDT,2025-09-28
GGMT/USDT,GGMT,USDT,2025-09-28
STAGE/USDT,STAGE,USDT,2025-09-28
SCAM/USDT,SCAM,USDT,2025-09-28
MPAA/USDT,MPAA,USDT,2025-09-28
EARNM/USDT,EARNM,USDT,2025-09-28
LCAT/USDT,LCAT,USDT,2025-09-28
HENLO/USDT,HENLO,USDT,2025-09-28
SYLO/USDT,SYLO,USDT,2025-09-29
XCV/USDT,XCV,USDT,2025-09-29
AUTOS/USDT,AUTOS,USDT,2025-09-29
ABBC/USDT,ABBC,USDT,2025-09-29
GQB/USDT,GQB,USDT,2025-09-29
WTA/USDT,WTA,USDT,2025-09-29
GALAXIS/USDT,GALAXIS,USDT,2025-09-29
GULL/USDT,GULL,USDT,2025-09-29
GREENBTC/USDT,GREENBTC,USDT,2025-09-29
NAP/USDT,NAP,USDT,2025-09-29
KRU/USDT,KRU,USDT,2025-09-29
NOVA/USDT,NOVA,USDT,2025-09-29
EQ/USDT,EQ,USDT,2025-09-29
VICS/USDT,VICS,USDT,2025-09-29
FINBLOX/USDT,FINBLOX,USDT,2025-09-29
PHYCHAIN/USDT,PHYCHAIN,USDT,2025-09-29
GSTOP/USDT,GSTOP,USDT,2025-09-29
KALIS/USDT,KALIS,USDT,2025-09-29
FORWARD/USDT,FORWARD,USDT,2025-09-29
FLAY/USDT,FLAY,USDT,2025-09-29
OGGYETH/USDT,OGGYETH,USDT,2025-09-29
GQ/USDT,GQ,USDT,2025-09-29
MASS/USDT,MASS,USDT,2025-09-29
ULX/USDT,ULX,USDT,2025-09-29
BONGO/USDT,BONGO,USDT,2025-09-29
WALK/USDT,WALK,USDT,2025-09-29
DPR/USDT,DPR,USDT,2025-09-29
FUCOIN/USDT,FUCOIN,USDT,2025-09-29
NZC/USDT,NZC,USDT,2025-09-29
GENO/USDT,GENO,USDT,2025-09-29
CROWN/USDT,CROWN,USDT,2025-09-29
INFOFI/USDT,INFOFI,USDT,2025-09-29
DRA/USDT,DRA,USDT,2025-09-29
UOS/USDT,UOS,USDT,2025-09-29
MUSKIT/USDT,MUSKIT,USDT,2025-09-29
XLS/USDT,XLS,USDT,2025-09-29
CATE/USDT,CATE,USDT,2025-09-29
TRISIG/USDT,TRISIG,USDT,2025-09-29
MUDOL2/USDT,MUDOL2,USDT,2025-09-29
JSM/USDT,JSM,USDT,2025-09-29
GROW/USDT,GROW,USDT,2025-09-29
CAM/USDT,CAM,USDT,2025-09-29
FMXEN/USDT,FMXEN,USDT,2025-09-29
ZRS/USDT,ZRS,USDT,2025-09-29
YAKA/USDT,YAKA,USDT,2025-09-29
IONX/USDT,IONX,USDT,2025-09-29
EPLIE/USDT,EPLIE,USDT,2025-09-29
LMCSWAP/USDT,LMCSWAP,USDT,2025-09-29
PKTC/USDT,PKTC,USDT,2025-09-29
KDG/USDT,KDG,USDT,2025-09-29
HQ/USDT,HQ,USDT,2025-09-29
BITCAT/USDT,BITCAT,USDT,2025-09-29
PMG/USDT,PMG,USDT,2025-09-29
AE/USDT,AE,USDT,2025-09-29
RETARDIO/USDT,RETARDIO,USDT,2025-09-29
ARENA/USDT,ARENA,USDT,2025-09-29
SQUAD/USDT,SQUAD,USDT,2025-09-29
XPE/USDT,XPE,USDT,2025-09-29
MOON/USDT,MOON,USDT,2025-09-29
JUNO/USDT,JUNO,USDT,2025-09-29
OMNIA/USDT,OMNIA,USDT,2025-09-29
NEBL/USDT,NEBL,USDT,2025-09-29
EXS/USDT,EXS,USDT,2025-09-29
DEB/USDT,DEB,USDT,2025-09-29
SDT/USDT,SDT,USDT,2025-09-29
EON/USDT,EON,USDT,2025-09-29
AJUN/USDT,AJUN,USDT,2025-09-29
PONGO/USDT,PONGO,USDT,2025-09-29
MCB/USDT,MCB,USDT,2025-09-29
AGNT/USDT,AGNT,USDT,2025-09-29
CRTS/USDT,CRTS,USDT,2025-09-29
LBTC1/USDT,LBTC1,USDT,2025-09-29
GGMT/USDT,GGMT,USDT,2025-09-29
STAGE/USDT,STAGE,USDT,2025-09-29
SCAM/USDT,SCAM,USDT,2025-09-29
MPAA/USDT,MPAA,USDT,2025-09-29
EARNM/USDT,EARNM,USDT,2025-09-29
LCAT/USDT,LCAT,USDT,2025-09-29
HENLO/USDT,HENLO,USDT,2025-09-29
GXAI/USDT,GXAI,USDT,2025-09-29
GVA/USDT,GVA,USDT,2025-09-29
UNO/USDT,UNO,USDT,2025-09-29
KIKI/USDT,KIKI,USDT,2025-09-29
DREYAI/USDT,DREYAI,USDT,2025-09-29
B1OAI/USDT,B1OAI,USDT,2025-09-29
ZRA/USDT,ZRA,USDT,2025-09-29
AIMINT/USDT,AIMINT,USDT,2025-09-29
CKY/USDT,CKY,USDT,2025-09-29
MFER/USDT,MFER,USDT,2025-09-29
LINKE/USDT,LINKE,USDT,2025-09-29
SOLS/USDT,SOLS,USDT,2025-09-29
GENE/USDT,GENE,USDT,2025-09-29
EIN/USDT,EIN,USDT,2025-09-29
PATEX/USDT,PATEX,USDT,2025-09-29
ACP/USDT,ACP,USDT,2025-09-29
CRDA/USDT,CRDA,USDT,2025-09-29
SBX/USDT,SBX,USDT,2025-09-29
ANDR/USDT,ANDR,USDT,2025-09-29
AVENTISAI/USDT,AVENTISAI,USDT,2025-09-29
SNAKES/USDT,SNAKES,USDT,2025-09-29
PUAD/USDT,PUAD,USDT,2025-09-29
CDT/USDT,CDT,USDT,2025-09-29
BOBOD/USDT,BOBOD,USDT,2025-09-29
BLOCKASSET/USDT,BLOCKASSET,USDT,2025-09-29
MAGA/USDT,MAGA,USDT,2025-09-29
CGC/USDT,CGC,USDT,2025-09-29
VITA/USDT,VITA,USDT,2025-09-29
ALLIN/USDT,ALLIN,USDT,2025-09-29
DFUN/USDT,DFUN,USDT,2025-09-29
XPUNK/USDT,XPUNK,USDT,2025-09-29
HALVIORA/USDT,HALVIORA,USDT,2025-09-29
UNISUI/USDT,UNISUI,USDT,2025-09-29
BLUEMOVE/USDT,BLUEMOVE,USDT,2025-09-29
SYLO/USDT,SYLO,USDT,2025-09-30
XCV/USDT,XCV,USDT,2025-09-30
AUTOS/USDT,AUTOS,USDT,2025-09-30
ABBC/USDT,ABBC,USDT,2025-09-30
GQB/USDT,GQB,USDT,2025-09-30
WTA/USDT,WTA,USDT,2025-09-30
GALAXIS/USDT,GALAXIS,USDT,2025-09-30
GULL/USDT,GULL,USDT,2025-09-30
GXAI/USDT,GXAI,USDT,2025-09-30
GREENBTC/USDT,GREENBTC,USDT,2025-09-30
NAP/USDT,NAP,USDT,2025-09-30
GVA/USDT,GVA,USDT,2025-09-30
KRU/USDT,KRU,USDT,2025-09-30
NOVA/USDT,NOVA,USDT,2025-09-30
UNO/USDT,UNO,USDT,2025-09-30
KIKI/USDT,KIKI,USDT,2025-09-30
DREYAI/USDT,DREYAI,USDT,2025-09-30
EQ/USDT,EQ,USDT,2025-09-30
VICS/USDT,VICS,USDT,2025-09-30
FINBLOX/USDT,FINBLOX,USDT,2025-09-30
B1OAI/USDT,B1OAI,USDT,2025-09-30
PHYCHAIN/USDT,PHYCHAIN,USDT,2025-09-30
ZRA/USDT,ZRA,USDT,2025-09-30
AIMINT/USDT,AIMINT,USDT,2025-09-30
GSTOP/USDT,GSTOP,USDT,2025-09-30
FORWARD/USDT,FORWARD,USDT,2025-09-30
FLAY/USDT,FLAY,USDT,2025-09-30
OGGYETH/USDT,OGGYETH,USDT,2025-09-30
GQ/USDT,GQ,USDT,2025-09-30
CKY/USDT,CKY,USDT,2025-09-30
MASS/USDT,MASS,USDT,2025-09-30
WALK/USDT,WALK,USDT,2025-09-30
DPR/USDT,DPR,USDT,2025-09-30
FUCOIN/USDT,FUCOIN,USDT,2025-09-30
NZC/USDT,NZC,USDT,2025-09-30
GENO/USDT,GENO,USDT,2025-09-30
MFER/USDT,MFER,USDT,2025-09-30
CROWN/USDT,CROWN,USDT,2025-09-30
INFOFI/USDT,INFOFI,USDT,2025-09-30
DRA/USDT,DRA,USDT,2025-09-30
LINKE/USDT,LINKE,USDT,2025-09-30
SOLS/USDT,SOLS,USDT,2025-09-30
UOS/USDT,UOS,USDT,2025-09-30
GENE/USDT,GENE,USDT,2025-09-30
EIN/USDT,EIN,USDT,2025-09-30
XLS/USDT,XLS,USDT,2025-09-30
CATE/USDT,CATE,USDT,2025-09-30
TRISIG/USDT,TRISIG,USDT,2025-09-30
MUDOL2/USDT,MUDOL2,USDT,2025-09-30
JSM/USDT,JSM,USDT,2025-09-30
GROW/USDT,GROW,USDT,2025-09-30
CAM/USDT,CAM,USDT,2025-09-30
FMXEN/USDT,FMXEN,USDT,2025-09-30
ZRS/USDT,ZRS,USDT,2025-09-30
YAKA/USDT,YAKA,USDT,2025-09-30
IONX/USDT,IONX,USDT,2025-09-30
LMCSWAP/USDT,LMCSWAP,USDT,2025-09-30
PKTC/USDT,PKTC,USDT,2025-09-30
PATEX/USDT,PATEX,USDT,2025-09-30
KDG/USDT,KDG,USDT,2025-09-30
HQ/USDT,HQ,USDT,2025-09-30
ACP/USDT,ACP,USDT,2025-09-30
CRDA/USDT,CRDA,USDT,2025-09-30
BITCAT/USDT,BITCAT,USDT,2025-09-30
PMG/USDT,PMG,USDT,2025-09-30
SBX/USDT,SBX,USDT,2025-09-30
AE/USDT,AE,USDT,2025-09-30
ANDR/USDT,ANDR,USDT,2025-09-30
RETARDIO/USDT,RETARDIO,USDT,2025-09-30
ARENA/USDT,ARENA,USDT,2025-09-30
SQUAD/USDT,SQUAD,USDT,2025-09-30
AVENTISAI/USDT,AVENTISAI,USDT,2025-09-30
SNAKES/USDT,SNAKES,USDT,2025-09-30
PUAD/USDT,PUAD,USDT,2025-09-30
CDT/USDT,CDT,USDT,2025-09-30
BOBOD/USDT,BOBOD,USDT,2025-09-30
XPE/USDT,XPE,USDT,2025-09-30
MOON/USDT,MOON,USDT,2025-09-30
JUNO/USDT,JUNO,USDT,2025-09-30
NEBL/USDT,NEBL,USDT,2025-09-30
EXS/USDT,EXS,USDT,2025-09-30
DEB/USDT,DEB,USDT,2025-09-30
SDT/USDT,SDT,USDT,2025-09-30
BLOCKASSET/USDT,BLOCKASSET,USDT,2025-09-30
EON/USDT,EON,USDT,2025-09-30
AJUN/USDT,AJUN,USDT,2025-09-30
MAGA/USDT,MAGA,USDT,2025-09-30
CGC/USDT,CGC,USDT,2025-09-30
MCB/USDT,MCB,USDT,2025-09-30
AGNT/USDT,AGNT,USDT,2025-09-30
VITA/USDT,VITA,USDT,2025-09-30
CRTS/USDT,CRTS,USDT,2025-09-30
ALLIN/USDT,ALLIN,USDT,2025-09-30
DFUN/USDT,DFUN,USDT,2025-09-30
XPUNK/USDT,XPUNK,USDT,2025-09-30
LBTC1/USDT,LBTC1,USDT,2025-09-30
GGMT/USDT,GGMT,USDT,2025-09-30
HALVIORA/USDT,HALVIORA,USDT,2025-09-30
STAGE/USDT,STAGE,USDT,2025-09-30
SCAM/USDT,SCAM,USDT,2025-09-30
MPAA/USDT,MPAA,USDT,2025-09-30
EARNM/USDT,EARNM,USDT,2025-09-30
LCAT/USDT,LCAT,USDT,2025-09-30
UNISUI/USDT,UNISUI,USDT,2025-09-30
HENLO/USDT,HENLO,USDT,2025-09-30
BLUEMOVE/USDT,BLUEMOVE,USDT,2025-09-30
SYLO/USDT,SYLO,USDT,2025-10-01
XCV/USDT,XCV,USDT,2025-10-01
TRISIG/USDT,TRISIG,USDT,2025-10-01
ABBC/USDT,ABBC,USDT,2025-10-01
SYLO/USDT,SYLO,USDT,2025-10-02
XCV/USDT,XCV,USDT,2025-10-02
TRISIG/USDT,TRISIG,USDT,2025-10-02
ABBC/USDT,ABBC,USDT,2025-10-02
GQB/USDT,GQB,USDT,2025-10-02
WTA/USDT,WTA,USDT,2025-10-02
GALAXIS/USDT,GALAXIS,USDT,2025-10-02
GXAI/USDT,GXAI,USDT,2025-10-02
GREENBTC/USDT,GREENBTC,USDT,2025-10-02
NAP/USDT,NAP,USDT,2025-10-02
GVA/USDT,GVA,USDT,2025-10-02
KRU/USDT,KRU,USDT,2025-10-02
NOVA/USDT,NOVA,USDT,2025-10-02
UNO/USDT,UNO,USDT,2025-10-02
KIKI/USDT,KIKI,USDT,2025-10-02
DREYAI/USDT,DREYAI,USDT,2025-10-02
EQ/USDT,EQ,USDT,2025-10-02
VICS/USDT,VICS,USDT,2025-10-02
B1OAI/USDT,B1OAI,USDT,2025-10-02
PHYCHAIN/USDT,PHYCHAIN,USDT,2025-10-02
ZRA/USDT,ZRA,USDT,2025-10-02
AIMINT/USDT,AIMINT,USDT,2025-10-02
GSTOP/USDT,GSTOP,USDT,2025-10-02
FORWARD/USDT,FORWARD,USDT,2025-10-02
GQ/USDT,GQ,USDT,2025-10-02
CKY/USDT,CKY,USDT,2025-10-02
MASS/USDT,MASS,USDT,2025-10-02
WALK/USDT,WALK,USDT,2025-10-02
DPR/USDT,DPR,USDT,2025-10-02
FUCOIN/USDT,FUCOIN,USDT,2025-10-02
NZC/USDT,NZC,USDT,2025-10-02
GENO/USDT,GENO,USDT,2025-10-02
MFER/USDT,MFER,USDT,2025-10-02
CROWN/USDT,CROWN,USDT,2025-10-02
INFOFI/USDT,INFOFI,USDT,2025-10-02
LINKE/USDT,LINKE,USDT,2025-10-02
SOLS/USDT,SOLS,USDT,2025-10-02
UOS/USDT,UOS,USDT,2025-10-02
GENE/USDT,GENE,USDT,2025-10-02
EIN/USDT,EIN,USDT,2025-10-02
XLS/USDT,XLS,USDT,2025-10-02
CATE/USDT,CATE,USDT,2025-10-02
CAM/USDT,CAM,USDT,2025-10-02
FMXEN/USDT,FMXEN,USDT,2025-10-02
YAKA/USDT,YAKA,USDT,2025-10-02
LMCSWAP/USDT,LMCSWAP,USDT,2025-10-02
PKTC/USDT,PKTC,USDT,2025-10-02
PATEX/USDT,PATEX,USDT,2025-10-02
KDG/USDT,KDG,USDT,2025-10-02
HQ/USDT,HQ,USDT,2025-10-02
ACP/USDT,ACP,USDT,2025-10-02
CRDA/USDT,CRDA,USDT,2025-10-02
PMG/USDT,PMG,USDT,2025-10-02
SBX/USDT,SBX,USDT,2025-10-02
AE/USDT,AE,USDT,2025-10-02
ANDR/USDT,ANDR,USDT,2025-10-02
RETARDIO/USDT,RETARDIO,USDT,2025-10-02
ARENA/USDT,ARENA,USDT,2025-10-02
SQUAD/USDT,SQUAD,USDT,2025-10-02
AVENTISAI/USDT,AVENTISAI,USDT,2025-10-02
SNAKES/USDT,SNAKES,USDT,2025-10-02
PUAD/USDT,PUAD,USDT,2025-10-02
CDT/USDT,CDT,USDT,2025-10-02
BOBOD/USDT,BOBOD,USDT,2025-10-02
MOON/USDT,MOON,USDT,2025-10-02
JUNO/USDT,JUNO,USDT,2025-10-02
NEBL/USDT,NEBL,USDT,2025-10-02
EXS/USDT,EXS,USDT,2025-10-02
DEB/USDT,DEB,USDT,2025-10-02
SDT/USDT,SDT,USDT,2025-10-02
BLOCKASSET/USDT,BLOCKASSET,USDT,2025-10-02
EON/USDT,EON,USDT,2025-10-02
AJUN/USDT,AJUN,USDT,2025-10-02
MAGA/USDT,MAGA,USDT,2025-10-02
CGC/USDT,CGC,USDT,2025-10-02
MCB/USDT,MCB,USDT,2025-10-02
AGNT/USDT,AGNT,USDT,2025-10-02
VITA/USDT,VITA,USDT,2025-10-02
CRTS/USDT,CRTS,USDT,2025-10-02
ALLIN/USDT,ALLIN,USDT,2025-10-02
DFUN/USDT,DFUN,USDT,2025-10-02
XPUNK/USDT,XPUNK,USDT,2025-10-02
LBTC1/USDT,LBTC1,USDT,2025-10-02
HALVIORA/USDT,HALVIORA,USDT,2025-10-02
STAGE/USDT,STAGE,USDT,2025-10-02
SCAM/USDT,SCAM,USDT,2025-10-02
MPAA/USDT,MPAA,USDT,2025-10-02
EARNM/USDT,EARNM,USDT,2025-10-02
LCAT/USDT,LCAT,USDT,2025-10-02
UNISUI/USDT,UNISUI,USDT,2025-10-02
HENLO/USDT,HENLO,USDT,2025-10-02
BLUEMOVE/USDT,BLUEMOVE,USDT,2025-10-02
LDY/USDT,LDY,USDT,2025-10-02
COCK/USDT,COCK,USDT,2025-10-02
SYLO/USDT,SYLO,USDT,2025-10-03
XCV/USDT,XCV,USDT,2025-10-03
TRISIG/USDT,TRISIG,USDT,2025-10-03
ABBC/USDT,ABBC,USDT,2025-10-03
GQB/USDT,GQB,USDT,2025-10-03
WTA/USDT,WTA,USDT,2025-10-03
GALAXIS/USDT,GALAXIS,USDT,2025-10-03
GREENBTC/USDT,GREENBTC,USDT,2025-10-03
NAP/USDT,NAP,USDT,2025-10-03
KRU/USDT,KRU,USDT,2025-10-03
NOVA/USDT,NOVA,USDT,2025-10-03
EQ/USDT,EQ,USDT,2025-10-03
VICS/USDT,VICS,USDT,2025-10-03
PHYCHAIN/USDT,PHYCHAIN,USDT,2025-10-03
COCK/USDT,COCK,USDT,2025-10-03
GSTOP/USDT,GSTOP,USDT,2025-10-03
FORWARD/USDT,FORWARD,USDT,2025-10-03
GQ/USDT,GQ,USDT,2025-10-03
MASS/USDT,MASS,USDT,2025-10-03
WALK/USDT,WALK,USDT,2025-10-03
DPR/USDT,DPR,USDT,2025-10-03
FUCOIN/USDT,FUCOIN,USDT,2025-10-03
NZC/USDT,NZC,USDT,2025-10-03
GENO/USDT,GENO,USDT,2025-10-03
CROWN/USDT,CROWN,USDT,2025-10-03
INFOFI/USDT,INFOFI,USDT,2025-10-03
UOS/USDT,UOS,USDT,2025-10-03
XLS/USDT,XLS,USDT,2025-10-03
CATE/USDT,CATE,USDT,2025-10-03
CAM/USDT,CAM,USDT,2025-10-03
FMXEN/USDT,FMXEN,USDT,2025-10-03
YAKA/USDT,YAKA,USDT,2025-10-03
LMCSWAP/USDT,LMCSWAP,USDT,2025-10-03
PKTC/USDT,PKTC,USDT,2025-10-03
KDG/USDT,KDG,USDT,2025-10-03
LDY/USDT,LDY,USDT,2025-10-03
HQ/USDT,HQ,USDT,2025-10-03
PMG/USDT,PMG,USDT,2025-10-03
AE/USDT,AE,USDT,2025-10-03
RETARDIO/USDT,RETARDIO,USDT,2025-10-03
ARENA/USDT,ARENA,USDT,2025-10-03
SQUAD/USDT,SQUAD,USDT,2025-10-03
MOON/USDT,MOON,USDT,2025-10-03
JUNO/USDT,JUNO,USDT,2025-10-03
NEBL/USDT,NEBL,USDT,2025-10-03
EXS/USDT,EXS,USDT,2025-10-03
DEB/USDT,DEB,USDT,2025-10-03
SDT/USDT,SDT,USDT,2025-10-03
EON/USDT,EON,USDT,2025-10-03
AJUN/USDT,AJUN,USDT,2025-10-03
MCB/USDT,MCB,USDT,2025-10-03
AGNT/USDT,AGNT,USDT,2025-10-03
CRTS/USDT,CRTS,USDT,2025-10-03
LBTC1/USDT,LBTC1,USDT,2025-10-03
STAGE/USDT,STAGE,USDT,2025-10-03
SCAM/USDT,SCAM,USDT,2025-10-03
MPAA/USDT,MPAA,USDT,2025-10-03
EARNM/USDT,EARNM,USDT,2025-10-03
LCAT/USDT,LCAT,USDT,2025-10-03
HENLO/USDT,HENLO,USDT,2025-10-03
YTC/USDT,YTC,USDT,2025-10-03
SYLO/USDT,SYLO,USDT,2025-10-04
XCV/USDT,XCV,USDT,2025-10-04
TRISIG/USDT,TRISIG,USDT,2025-10-04
ABBC/USDT,ABBC,USDT,2025-10-04
GQB/USDT,GQB,USDT,2025-10-04
WTA/USDT,WTA,USDT,2025-10-04
GALAXIS/USDT,GALAXIS,USDT,2025-10-04
GREENBTC/USDT,GREENBTC,USDT,2025-10-04
NAP/USDT,NAP,USDT,2025-10-04
KRU/USDT,KRU,USDT,2025-10-04
NOVA/USDT,NOVA,USDT,2025-10-04
EQ/USDT,EQ,USDT,2025-10-04
VICS/USDT,VICS,USDT,2025-10-04
PHYCHAIN/USDT,PHYCHAIN,USDT,2025-10-04
COCK/USDT,COCK,USDT,2025-10-04
GSTOP/USDT,GSTOP,USDT,2025-10-04
FORWARD/USDT,FORWARD,USDT,2025-10-04
GQ/USDT,GQ,USDT,2025-10-04
MASS/USDT,MASS,USDT,2025-10-04
WALK/USDT,WALK,USDT,2025-10-04
DPR/USDT,DPR,USDT,2025-10-04
FUCOIN/USDT,FUCOIN,USDT,2025-10-04
NZC/USDT,NZC,USDT,2025-10-04
GENO/USDT,GENO,USDT,2025-10-04
YTC/USDT,YTC,USDT,2025-10-04
CROWN/USDT,CROWN,USDT,2025-10-04
INFOFI/USDT,INFOFI,USDT,2025-10-04
UOS/USDT,UOS,USDT,2025-10-04
XLS/USDT,XLS,USDT,2025-10-04
CATE/USDT,CATE,USDT,2025-10-04
CAM/USDT,CAM,USDT,2025-10-04
FMXEN/USDT,FMXEN,USDT,2025-10-04
YAKA/USDT,YAKA,USDT,2025-10-04
LMCSWAP/USDT,LMCSWAP,USDT,2025-10-04
PKTC/USDT,PKTC,USDT,2025-10-04
KDG/USDT,KDG,USDT,2025-10-04
LDY/USDT,LDY,USDT,2025-10-04
HQ/USDT,HQ,USDT,2025-10-04
PMG/USDT,PMG,USDT,2025-10-04
AE/USDT,AE,USDT,2025-10-04
RETARDIO/USDT,RETARDIO,USDT,2025-10-04
ARENA/USDT,ARENA,USDT,2025-10-04
SQUAD/USDT,SQUAD,USDT,2025-10-04
MOON/USDT,MOON,USDT,2025-10-04
JUNO/USDT,JUNO,USDT,2025-10-04
NEBL/USDT,NEBL,USDT,2025-10-04
EXS/USDT,EXS,USDT,2025-10-04
DEB/USDT,DEB,USDT,2025-10-04
SDT/USDT,SDT,USDT,2025-10-04
EON/USDT,EON,USDT,2025-10-04
AJUN/USDT,AJUN,USDT,2025-10-04
MCB/USDT,MCB,USDT,2025-10-04
AGNT/USDT,AGNT,USDT,2025-10-04
CRTS/USDT,CRTS,USDT,2025-10-04
LBTC1/USDT,LBTC1,USDT,2025-10-04
STAGE/USDT,STAGE,USDT,2025-10-04
SCAM/USDT,SCAM,USDT,2025-10-04
MPAA/USDT,MPAA,USDT,2025-10-04
EARNM/USDT,EARNM,USDT,2025-10-04
LCAT/USDT,LCAT,USDT,2025-10-04
HENLO/USDT,HENLO,USDT,2025-10-04
SYLO/USDT,SYLO,USDT,2025-10-05
XCV/USDT,XCV,USDT,2025-10-05
TRISIG/USDT,TRISIG,USDT,2025-10-05
ABBC/USDT,ABBC,USDT,2025-10-05
GQB/USDT,GQB,USDT,2025-10-05
WTA/USDT,WTA,USDT,2025-10-05
GALAXIS/USDT,GALAXIS,USDT,2025-10-05
GREENBTC/USDT,GREENBTC,USDT,2025-10-05
NAP/USDT,NAP,USDT,2025-10-05
KRU/USDT,KRU,USDT,2025-10-05
NOVA/USDT,NOVA,USDT,2025-10-05
EQ/USDT,EQ,USDT,2025-10-05
VICS/USDT,VICS,USDT,2025-10-05
PHYCHAIN/USDT,PHYCHAIN,USDT,2025-10-05
COCK/USDT,COCK,USDT,2025-10-05
GSTOP/USDT,GSTOP,USDT,2025-10-05
FORWARD/USDT,FORWARD,USDT,2025-10-05
GQ/USDT,GQ,USDT,2025-10-05
MASS/USDT,MASS,USDT,2025-10-05
WALK/USDT,WALK,USDT,2025-10-05
DPR/USDT,DPR,USDT,2025-10-05
FUCOIN/USDT,FUCOIN,USDT,2025-10-05
NZC/USDT,NZC,USDT,2025-10-05
GENO/USDT,GENO,USDT,2025-10-05
YTC/USDT,YTC,USDT,2025-10-05
CROWN/USDT,CROWN,USDT,2025-10-05
INFOFI/USDT,INFOFI,USDT,2025-10-05
UOS/USDT,UOS,USDT,2025-10-05
XLS/USDT,XLS,USDT,2025-10-05
CATE/USDT,CATE,USDT,2025-10-05
CAM/USDT,CAM,USDT,2025-10-05
FMXEN/USDT,FMXEN,USDT,2025-10-05
YAKA/USDT,YAKA,USDT,2025-10-05
LMCSWAP/USDT,LMCSWAP,USDT,2025-10-05
PKTC/USDT,PKTC,USDT,2025-10-05
KDG/USDT,KDG,USDT,2025-10-05
LDY/USDT,LDY,USDT,2025-10-05
HQ/USDT,HQ,USDT,2025-10-05
PMG/USDT,PMG,USDT,2025-10-05
AE/USDT,AE,USDT,2025-10-05
RETARDIO/USDT,RETARDIO,USDT,2025-10-05
ARENA/USDT,ARENA,USDT,2025-10-05
SQUAD/USDT,SQUAD,USDT,2025-10-05
MOON/USDT,MOON,USDT,2025-10-05
JUNO/USDT,JUNO,USDT,2025-10-05
NEBL/USDT,NEBL,USDT,2025-10-05
EXS/USDT,EXS,USDT,2025-10-05
DEB/USDT,DEB,USDT,2025-10-05
SDT/USDT,SDT,USDT,2025-10-05
EON/USDT,EON,USDT,2025-10-05
AJUN/USDT,AJUN,USDT,2025-10-05
MCB/USDT,MCB,USDT,2025-10-05
AGNT/USDT,AGNT,USDT,2025-10-05
CRTS/USDT,CRTS,USDT,2025-10-05
LBTC1/USDT,LBTC1,USDT,2025-10-05
STAGE/USDT,STAGE,USDT,2025-10-05
SCAM/USDT,SCAM,USDT,2025-10-05
MPAA/USDT,MPAA,USDT,2025-10-05
EARNM/USDT,EARNM,USDT,2025-10-05
LCAT/USDT,LCAT,USDT,2025-10-05
HENLO/USDT,HENLO,USDT,2025-10-05
FONE/USDT,FONE,USDT,2025-10-05
SYLO/USDT,SYLO,USDT,2025-10-06
XCV/USDT,XCV,USDT,2025-10-06
TRISIG/USDT,TRISIG,USDT,2025-10-06
ABBC/USDT,ABBC,USDT,2025-10-06
GQB/USDT,GQB,USDT,2025-10-06
WTA/USDT,WTA,USDT,2025-10-06
GALAXIS/USDT,GALAXIS,USDT,2025-10-06
FONE/USDT,FONE,USDT,2025-10-06
GREENBTC/USDT,GREENBTC,USDT,2025-10-06
NAP/USDT,NAP,USDT,2025-10-06
KRU/USDT,KRU,USDT,2025-10-06
NOVA/USDT,NOVA,USDT,2025-10-06
EQ/USDT,EQ,USDT,2025-10-06
VICS/USDT,VICS,USDT,2025-10-06
PHYCHAIN/USDT,PHYCHAIN,USDT,2025-10-06
GSTOP/USDT,GSTOP,USDT,2025-10-06
FORWARD/USDT,FORWARD,USDT,2025-10-06
GQ/USDT,GQ,USDT,2025-10-06
MASS/USDT,MASS,USDT,2025-10-06
WALK/USDT,WALK,USDT,2025-10-06
DPR/USDT,DPR,USDT,2025-10-06
FUCOIN/USDT,FUCOIN,USDT,2025-10-06
NZC/USDT,NZC,USDT,2025-10-06
GENO/USDT,GENO,USDT,2025-10-06
YTC/USDT,YTC,USDT,2025-10-06
CROWN/USDT,CROWN,USDT,2025-10-06
INFOFI/USDT,INFOFI,USDT,2025-10-06
UOS/USDT,UOS,USDT,2025-10-06
XLS/USDT,XLS,USDT,2025-10-06
CATE/USDT,CATE,USDT,2025-10-06
CAM/USDT,CAM,USDT,2025-10-06
FMXEN/USDT,FMXEN,USDT,2025-10-06
YAKA/USDT,YAKA,USDT,2025-10-06
LMCSWAP/USDT,LMCSWAP,USDT,2025-10-06
PKTC/USDT,PKTC,USDT,2025-10-06
KDG/USDT,KDG,USDT,2025-10-06
HQ/USDT,HQ,USDT,2025-10-06
PMG/USDT,PMG,USDT,2025-10-06
AE/USDT,AE,USDT,2025-10-06
RETARDIO/USDT,RETARDIO,USDT,2025-10-06
ARENA/USDT,ARENA,USDT,2025-10-06
SQUAD/USDT,SQUAD,USDT,2025-10-06
MOON/USDT,MOON,USDT,2025-10-06
JUNO/USDT,JUNO,USDT,2025-10-06
NEBL/USDT,NEBL,USDT,2025-10-06
EXS/USDT,EXS,USDT,2025-10-06
DEB/USDT,DEB,USDT,2025-10-06
SDT/USDT,SDT,USDT,2025-10-06
EON/USDT,EON,USDT,2025-10-06
AJUN/USDT,AJUN,USDT,2025-10-06
MCB/USDT,MCB,USDT,2025-10-06
AGNT/USDT,AGNT,USDT,2025-10-06
CRTS/USDT,CRTS,USDT,2025-10-06
LBTC1/USDT,LBTC1,USDT,2025-10-06
STAGE/USDT,STAGE,USDT,2025-10-06
SCAM/USDT,SCAM,USDT,2025-10-06
MPAA/USDT,MPAA,USDT,2025-10-06
EARNM/USDT,EARNM,USDT,2025-10-06
LCAT/USDT,LCAT,USDT,2025-10-06
HENLO/USDT,HENLO,USDT,2025-10-06
NEKO/USDT,NEKO,USDT,2025-10-06
FURI/USDT,FURI,USDT,2025-10-06
ZCD/USDT,ZCD,USDT,2025-10-06
NOC/USDT,NOC,USDT,2025-10-06
TRN/USDT,TRN,USDT,2025-10-06
SRX/USDT,SRX,USDT,2025-10-06
DIVI/USDT,DIVI,USDT,2025-10-06
DFDVX/USDT,DFDVX,USDT,2025-10-06
PBUX/USDT,PBUX,USDT,2025-10-06
EURI/USDT,EURI,USDT,2025-10-06
CHILLHOUSE/USDT,CHILLHOUSE,USDT,2025-10-06
SDV/USDT,SDV,USDT,2025-10-06
DARWIN/USDT,DARWIN,USDT,2025-10-06
CSTAR/USDT,CSTAR,USDT,2025-10-06
MIA/USDT,MIA,USDT,2025-10-06
BSTR/USDT,BSTR,USDT,2025-10-06
ORD/USDT,ORD,USDT,2025-10-06
GIANTS/USDT,GIANTS,USDT,2025-10-06
SYLO/USDT,SYLO,USDT,2025-10-07
XCV/USDT,XCV,USDT,2025-10-07
TRISIG/USDT,TRISIG,USDT,2025-10-07
ABBC/USDT,ABBC,USDT,2025-10-07
GQB/USDT,GQB,USDT,2025-10-07
WTA/USDT,WTA,USDT,2025-10-07
GALAXIS/USDT,GALAXIS,USDT,2025-10-07
NEKO/USDT,NEKO,USDT,2025-10-07
FONE/USDT,FONE,USDT,2025-10-07
GREENBTC/USDT,GREENBTC,USDT,2025-10-07
FURI/USDT,FURI,USDT,2025-10-07
NAP/USDT,NAP,USDT,2025-10-07
KRU/USDT,KRU,USDT,2025-10-07
NOVA/USDT,NOVA,USDT,2025-10-07
EQ/USDT,EQ,USDT,2025-10-07
VICS/USDT,VICS,USDT,2025-10-07
ZCD/USDT,ZCD,USDT,2025-10-07
PHYCHAIN/USDT,PHYCHAIN,USDT,2025-10-07
GSTOP/USDT,GSTOP,USDT,2025-10-07
FORWARD/USDT,FORWARD,USDT,2025-10-07
NOC/USDT,NOC,USDT,2025-10-07
GQ/USDT,GQ,USDT,2025-10-07
MASS/USDT,MASS,USDT,2025-10-07
TRN/USDT,TRN,USDT,2025-10-07
WALK/USDT,WALK,USDT,2025-10-07
DPR/USDT,DPR,USDT,2025-10-07
FUCOIN/USDT,FUCOIN,USDT,2025-10-07
NZC/USDT,NZC,USDT,2025-10-07
SRX/USDT,SRX,USDT,2025-10-07
GENO/USDT,GENO,USDT,2025-10-07
CROWN/USDT,CROWN,USDT,2025-10-07
INFOFI/USDT,INFOFI,USDT,2025-10-07
DIVI/USDT,DIVI,USDT,2025-10-07
UOS/USDT,UOS,USDT,2025-10-07
DFDVX/USDT,DFDVX,USDT,2025-10-07
PBUX/USDT,PBUX,USDT,2025-10-07
XLS/USDT,XLS,USDT,2025-10-07
EURI/USDT,EURI,USDT,2025-10-07
CATE/USDT,CATE,USDT,2025-10-07
CHILLHOUSE/USDT,CHILLHOUSE,USDT,2025-10-07
CAM/USDT,CAM,USDT,2025-10-07
FMXEN/USDT,FMXEN,USDT,2025-10-07
YAKA/USDT,YAKA,USDT,2025-10-07
SDV/USDT,SDV,USDT,2025-10-07
LMCSWAP/USDT,LMCSWAP,USDT,2025-10-07
PKTC/USDT,PKTC,USDT,2025-10-07
KDG/USDT,KDG,USDT,2025-10-07
HQ/USDT,HQ,USDT,2025-10-07
PMG/USDT,PMG,USDT,2025-10-07
AE/USDT,AE,USDT,2025-10-07
RETARDIO/USDT,RETARDIO,USDT,2025-10-07
ARENA/USDT,ARENA,USDT,2025-10-07
SQUAD/USDT,SQUAD,USDT,2025-10-07
DARWIN/USDT,DARWIN,USDT,2025-10-07
MOON/USDT,MOON,USDT,2025-10-07
JUNO/USDT,JUNO,USDT,2025-10-07
NEBL/USDT,NEBL,USDT,2025-10-07
EXS/USDT,EXS,USDT,2025-10-07
DEB/USDT,DEB,USDT,2025-10-07
SDT/USDT,SDT,USDT,2025-10-07
EON/USDT,EON,USDT,2025-10-07
AJUN/USDT,AJUN,USDT,2025-10-07
CSTAR/USDT,CSTAR,USDT,2025-10-07
MCB/USDT,MCB,USDT,2025-10-07
AGNT/USDT,AGNT,USDT,2025-10-07
CRTS/USDT,CRTS,USDT,2025-10-07
LBTC1/USDT,LBTC1,USDT,2025-10-07
STAGE/USDT,STAGE,USDT,2025-10-07
SCAM/USDT,SCAM,USDT,2025-10-07
MIA/USDT,MIA,USDT,2025-10-07
MPAA/USDT,MPAA,USDT,2025-10-07
BSTR/USDT,BSTR,USDT,2025-10-07
EARNM/USDT,EARNM,USDT,2025-10-07
LCAT/USDT,LCAT,USDT,2025-10-07
HENLO/USDT,HENLO,USDT,2025-10-07
ORD/USDT,ORD,USDT,2025-10-07
GIANTS/USDT,GIANTS,USDT,2025-10-07
BFTOKEN/USDT,BFTOKEN,USDT,2025-10-07
SYLO/USDT,SYLO,USDT,2025-10-08
PHYCHAIN/USDT,PHYCHAIN,USDT,2025-10-08
XCV/USDT,XCV,USDT,2025-10-08
TRISIG/USDT,TRISIG,USDT,2025-10-08
ABBC/USDT,ABBC,USDT,2025-10-08
GQB/USDT,GQB,USDT,2025-10-08
WTA/USDT,WTA,USDT,2025-10-08
GALAXIS/USDT,GALAXIS,USDT,2025-10-08
NEKO/USDT,NEKO,USDT,2025-10-08
GREENBTC/USDT,GREENBTC,USDT,2025-10-08
FURI/USDT,FURI,USDT,2025-10-08
NAP/USDT,NAP,USDT,2025-10-08
KRU/USDT,KRU,USDT,2025-10-08
NOVA/USDT,NOVA,USDT,2025-10-08
EQ/USDT,EQ,USDT,2025-10-08
VICS/USDT,VICS,USDT,2025-10-08
ZCD/USDT,ZCD,USDT,2025-10-08
GSTOP/USDT,GSTOP,USDT,2025-10-08
FORWARD/USDT,FORWARD,USDT,2025-10-08
NOC/USDT,NOC,USDT,2025-10-08
GQ/USDT,GQ,USDT,2025-10-08
MASS/USDT,MASS,USDT,2025-10-08
TRN/USDT,TRN,USDT,2025-10-08
WALK/USDT,WALK,USDT,2025-10-08
DPR/USDT,DPR,USDT,2025-10-08
FUCOIN/USDT,FUCOIN,USDT,2025-10-08
NZC/USDT,NZC,USDT,2025-10-08
SRX/USDT,SRX,USDT,2025-10-08
GENO/USDT,GENO,USDT,2025-10-08
CROWN/USDT,CROWN,USDT,2025-10-08
INFOFI/USDT,INFOFI,USDT,2025-10-08
DIVI/USDT,DIVI,USDT,2025-10-08
UOS/USDT,UOS,USDT,2025-10-08
DFDVX/USDT,DFDVX,USDT,2025-10-08
PBUX/USDT,PBUX,USDT,2025-10-08
XLS/USDT,XLS,USDT,2025-10-08
EURI/USDT,EURI,USDT,2025-10-08
CATE/USDT,CATE,USDT,2025-10-08
CHILLHOUSE/USDT,CHILLHOUSE,USDT,2025-10-08
CAM/USDT,CAM,USDT,2025-10-08
FMXEN/USDT,FMXEN,USDT,2025-10-08
YAKA/USDT,YAKA,USDT,2025-10-08
SDV/USDT,SDV,USDT,2025-10-08
LMCSWAP/USDT,LMCSWAP,USDT,2025-10-08
PKTC/USDT,PKTC,USDT,2025-10-08
KDG/USDT,KDG,USDT,2025-10-08
HQ/USDT,HQ,USDT,2025-10-08
PMG/USDT,PMG,USDT,2025-10-08
AE/USDT,AE,USDT,2025-10-08
RETARDIO/USDT,RETARDIO,USDT,2025-10-08
ARENA/USDT,ARENA,USDT,2025-10-08
SQUAD/USDT,SQUAD,USDT,2025-10-08
DARWIN/USDT,DARWIN,USDT,2025-10-08
BFTOKEN/USDT,BFTOKEN,USDT,2025-10-08
MOON/USDT,MOON,USDT,2025-10-08
JUNO/USDT,JUNO,USDT,2025-10-08
NEBL/USDT,NEBL,USDT,2025-10-08
EXS/USDT,EXS,USDT,2025-10-08
DEB/USDT,DEB,USDT,2025-10-08
SDT/USDT,SDT,USDT,2025-10-08
EON/USDT,EON,USDT,2025-10-08
AJUN/USDT,AJUN,USDT,2025-10-08
CSTAR/USDT,CSTAR,USDT,2025-10-08
MCB/USDT,MCB,USDT,2025-10-08
AGNT/USDT,AGNT,USDT,2025-10-08
CRTS/USDT,CRTS,USDT,2025-10-08
LBTC1/USDT,LBTC1,USDT,2025-10-08
STAGE/USDT,STAGE,USDT,2025-10-08
SCAM/USDT,SCAM,USDT,2025-10-08
MIA/USDT,MIA,USDT,2025-10-08
MPAA/USDT,MPAA,USDT,2025-10-08
BSTR/USDT,BSTR,USDT,2025-10-08
EARNM/USDT,EARNM,USDT,2025-10-08
LCAT/USDT,LCAT,USDT,2025-10-08
HENLO/USDT,HENLO,USDT,2025-10-08
ORD/USDT,ORD,USDT,2025-10-08
GIANTS/USDT,GIANTS,USDT,2025-10-08
SYLO/USDT,SYLO,USDT,2025-10-09
PHYCHAIN/USDT,PHYCHAIN,USDT,2025-10-09
XCV/USDT,XCV,USDT,2025-10-09
TRISIG/USDT,TRISIG,USDT,2025-10-09
ABBC/USDT,ABBC,USDT,2025-10-09
GQB/USDT,GQB,USDT,2025-10-09
WTA/USDT,WTA,USDT,2025-10-09
GALAXIS/USDT,GALAXIS,USDT,2025-10-09
NEKO/USDT,NEKO,USDT,2025-10-09
GREENBTC/USDT,GREENBTC,USDT,2025-10-09
FURI/USDT,FURI,USDT,2025-10-09
NAP/USDT,NAP,USDT,2025-10-09
PUUSH/USDT,PUUSH,USDT,2025-10-09
KRU/USDT,KRU,USDT,2025-10-09
NOVA/USDT,NOVA,USDT,2025-10-09
MRMINT/USDT,MRMINT,USDT,2025-10-09
EQ/USDT,EQ,USDT,2025-10-09
VICS/USDT,VICS,USDT,2025-10-09
ZCD/USDT,ZCD,USDT,2025-10-09
MONKE/USDT,MONKE,USDT,2025-10-09
MDOG/USDT,MDOG,USDT,2025-10-09
BALAJIS/USDT,BALAJIS,USDT,2025-10-09
GSTOP/USDT,GSTOP,USDT,2025-10-09
MITCH/USDT,MITCH,USDT,2025-10-09
FORWARD/USDT,FORWARD,USDT,2025-10-09
NOC/USDT,NOC,USDT,2025-10-09
GQ/USDT,GQ,USDT,2025-10-09
BRAVEHEART/USDT,BRAVEHEART,USDT,2025-10-09
MASS/USDT,MASS,USDT,2025-10-09
TRN/USDT,TRN,USDT,2025-10-09
HUCH/USDT,HUCH,USDT,2025-10-09
WALK/USDT,WALK,USDT,2025-10-09
DPR/USDT,DPR,USDT,2025-10-09
FUCOIN/USDT,FUCOIN,USDT,2025-10-09
NZC/USDT,NZC,USDT,2025-10-09
SRX/USDT,SRX,USDT,2025-10-09
GENO/USDT,GENO,USDT,2025-10-09
CROWN/USDT,CROWN,USDT,2025-10-09
INFOFI/USDT,INFOFI,USDT,2025-10-09
DIVI/USDT,DIVI,USDT,2025-10-09
UOS/USDT,UOS,USDT,2025-10-09
TRUST/USDT,TRUST,USDT,2025-10-09
DFDVX/USDT,DFDVX,USDT,2025-10-09
PBUX/USDT,PBUX,USDT,2025-10-09
XLS/USDT,XLS,USDT,2025-10-09
EURI/USDT,EURI,USDT,2025-10-09
KAZONOMICS/USDT,KAZONOMICS,USDT,2025-10-09
CATE/USDT,CATE,USDT,2025-10-09
CHILLHOUSE/USDT,CHILLHOUSE,USDT,2025-10-09
EAGLE/USDT,EAGLE,USDT,2025-10-09
CAM/USDT,CAM,USDT,2025-10-09
FMXEN/USDT,FMXEN,USDT,2025-10-09
YAKA/USDT,YAKA,USDT,2025-10-09
SDV/USDT,SDV,USDT,2025-10-09
LMCSWAP/USDT,LMCSWAP,USDT,2025-10-09
PKTC/USDT,PKTC,USDT,2025-10-09
KDG/USDT,KDG,USDT,2025-10-09
SUISEI/USDT,SUISEI,USDT,2025-10-09
HQ/USDT,HQ,USDT,2025-10-09
PMG/USDT,PMG,USDT,2025-10-09
LLM1/USDT,LLM1,USDT,2025-10-09
PEOG/USDT,PEOG,USDT,2025-10-09
AE/USDT,AE,USDT,2025-10-09
HOLOLOGS/USDT,HOLOLOGS,USDT,2025-10-09
RETARDIO/USDT,RETARDIO,USDT,2025-10-09
ARENA/USDT,ARENA,USDT,2025-10-09
SQUAD/USDT,SQUAD,USDT,2025-10-09
UNIART/USDT,UNIART,USDT,2025-10-09
DARWIN/USDT,DARWIN,USDT,2025-10-09
IMPERFECT/USDT,IMPERFECT,USDT,2025-10-09
CUPSEY/USDT,CUPSEY,USDT,2025-10-09
BFTOKEN/USDT,BFTOKEN,USDT,2025-10-09
MOON/USDT,MOON,USDT,2025-10-09
JUNO/USDT,JUNO,USDT,2025-10-09
EMULITES/USDT,EMULITES,USDT,2025-10-09
NEBL/USDT,NEBL,USDT,2025-10-09
EXS/USDT,EXS,USDT,2025-10-09
DEB/USDT,DEB,USDT,2025-10-09
SDT/USDT,SDT,USDT,2025-10-09
EON/USDT,EON,USDT,2025-10-09
AJUN/USDT,AJUN,USDT,2025-10-09
CSTAR/USDT,CSTAR,USDT,2025-10-09
MCB/USDT,MCB,USDT,2025-10-09
AGNT/USDT,AGNT,USDT,2025-10-09
CRTS/USDT,CRTS,USDT,2025-10-09
LBTC1/USDT,LBTC1,USDT,2025-10-09
STAGE/USDT,STAGE,USDT,2025-10-09
SCAM/USDT,SCAM,USDT,2025-10-09
MIA/USDT,MIA,USDT,2025-10-09
MPAA/USDT,MPAA,USDT,2025-10-09
BSTR/USDT,BSTR,USDT,2025-10-09
EARNM/USDT,EARNM,USDT,2025-10-09
FLIPR/USDT,FLIPR,USDT,2025-10-09
LCAT/USDT,LCAT,USDT,2025-10-09
HENLO/USDT,HENLO,USDT,2025-10-09
ORD/USDT,ORD,USDT,2025-10-09
AUBRAI/USDT,AUBRAI,USDT,2025-10-09
GIANTS/USDT,GIANTS,USDT,2025-10-09
SYLO/USDT,SYLO,USDT,2025-10-10
PHYCHAIN/USDT,PHYCHAIN,USDT,2025-10-10
XCV/USDT,XCV,USDT,2025-10-10
TRISIG/USDT,TRISIG,USDT,2025-10-10
ABBC/USDT,ABBC,USDT,2025-10-10
GQB/USDT,GQB,USDT,2025-10-10
WTA/USDT,WTA,USDT,2025-10-10
GALAXIS/USDT,GALAXIS,USDT,2025-10-10
GREENBTC/USDT,GREENBTC,USDT,2025-10-10
NAP/USDT,NAP,USDT,2025-10-10
PUUSH/USDT,PUUSH,USDT,2025-10-10
KRU/USDT,KRU,USDT,2025-10-10
NOVA/USDT,NOVA,USDT,2025-10-10
MRMINT/USDT,MRMINT,USDT,2025-10-10
EQ/USDT,EQ,USDT,2025-10-10
VICS/USDT,VICS,USDT,2025-10-10
MONKE/USDT,MONKE,USDT,2025-10-10
MDOG/USDT,MDOG,USDT,2025-10-10
BALAJIS/USDT,BALAJIS,USDT,2025-10-10
GSTOP/USDT,GSTOP,USDT,2025-10-10
MITCH/USDT,MITCH,USDT,2025-10-10
FORWARD/USDT,FORWARD,USDT,2025-10-10
GQ/USDT,GQ,USDT,2025-10-10
BRAVEHEART/USDT,BRAVEHEART,USDT,2025-10-10
MASS/USDT,MASS,USDT,2025-10-10
TRN/USDT,TRN,USDT,2025-10-10
HUCH/USDT,HUCH,USDT,2025-10-10
WALK/USDT,WALK,USDT,2025-10-10
DPR/USDT,DPR,USDT,2025-10-10
FUCOIN/USDT,FUCOIN,USDT,2025-10-10
NZC/USDT,NZC,USDT,2025-10-10
SRX/USDT,SRX,USDT,2025-10-10
GENO/USDT,GENO,USDT,2025-10-10
CROWN/USDT,CROWN,USDT,2025-10-10
INFOFI/USDT,INFOFI,USDT,2025-10-10
UOS/USDT,UOS,USDT,2025-10-10
TRUST/USDT,TRUST,USDT,2025-10-10
XLS/USDT,XLS,USDT,2025-10-10
EURI/USDT,EURI,USDT,2025-10-10
KAZONOMICS/USDT,KAZONOMICS,USDT,2025-10-10
CATE/USDT,CATE,USDT,2025-10-10
EAGLE/USDT,EAGLE,USDT,2025-10-10
CAM/USDT,CAM,USDT,2025-10-10
FMXEN/USDT,FMXEN,USDT,2025-10-10
YAKA/USDT,YAKA,USDT,2025-10-10
LMCSWAP/USDT,LMCSWAP,USDT,2025-10-10
PKTC/USDT,PKTC,USDT,2025-10-10
KDG/USDT,KDG,USDT,2025-10-10
SUISEI/USDT,SUISEI,USDT,2025-10-10
HQ/USDT,HQ,USDT,2025-10-10
PMG/USDT,PMG,USDT,2025-10-10
LLM1/USDT,LLM1,USDT,2025-10-10
PEOG/USDT,PEOG,USDT,2025-10-10
AE/USDT,AE,USDT,2025-10-10
HOLOLOGS/USDT,HOLOLOGS,USDT,2025-10-10
RETARDIO/USDT,RETARDIO,USDT,2025-10-10
ARENA/USDT,ARENA,USDT,2025-10-10
SQUAD/USDT,SQUAD,USDT,2025-10-10
UNIART/USDT,UNIART,USDT,2025-10-10
IMPERFECT/USDT,IMPERFECT,USDT,2025-10-10
CUPSEY/USDT,CUPSEY,USDT,2025-10-10
BFTOKEN/USDT,BFTOKEN,USDT,2025-10-10
MOON/USDT,MOON,USDT,2025-10-10
JUNO/USDT,JUNO,USDT,2025-10-10
EMULITES/USDT,EMULITES,USDT,2025-10-10
NEBL/USDT,NEBL,USDT,2025-10-10
EXS/USDT,EXS,USDT,2025-10-10
DEB/USDT,DEB,USDT,2025-10-10
SDT/USDT,SDT,USDT,2025-10-10
EON/USDT,EON,USDT,2025-10-10
AJUN/USDT,AJUN,USDT,2025-10-10
MCB/USDT,MCB,USDT,2025-10-10
AGNT/USDT,AGNT,USDT,2025-10-10
CRTS/USDT,CRTS,USDT,2025-10-10
LBTC1/USDT,LBTC1,USDT,2025-10-10
STAGE/USDT,STAGE,USDT,2025-10-10
SCAM/USDT,SCAM,USDT,2025-10-10
MPAA/USDT,MPAA,USDT,2025-10-10
EARNM/USDT,EARNM,USDT,2025-10-10
FLIPR/USDT,FLIPR,USDT,2025-10-10
LCAT/USDT,LCAT,USDT,2025-10-10
HENLO/USDT,HENLO,USDT,2025-10-10
AUBRAI/USDT,AUBRAI,USDT,2025-10-10
SOONS/USDT,SOONS,USDT,2025-10-10
TRENCHER/USDT,TRENCHER,USDT,2025-10-10
RATO/USDT,RATO,USDT,2025-10-10
SYLO/USDT,SYLO,USDT,2025-10-11
SOONS/USDT,SOONS,USDT,2025-10-11
PHYCHAIN/USDT,PHYCHAIN,USDT,2025-10-11
XCV/USDT,XCV,USDT,2025-10-11
TRISIG/USDT,TRISIG,USDT,2025-10-11
ABBC/USDT,ABBC,USDT,2025-10-11
GQB/USDT,GQB,USDT,2025-10-11
WTA/USDT,WTA,USDT,2025-10-11
GALAXIS/USDT,GALAXIS,USDT,2025-10-11
GREENBTC/USDT,GREENBTC,USDT,2025-10-11
NAP/USDT,NAP,USDT,2025-10-11
PUUSH/USDT,PUUSH,USDT,2025-10-11
KRU/USDT,KRU,USDT,2025-10-11
NOVA/USDT,NOVA,USDT,2025-10-11
MRMINT/USDT,MRMINT,USDT,2025-10-11
EQ/USDT,EQ,USDT,2025-10-11
VICS/USDT,VICS,USDT,2025-10-11
MONKE/USDT,MONKE,USDT,2025-10-11
MDOG/USDT,MDOG,USDT,2025-10-11
BALAJIS/USDT,BALAJIS,USDT,2025-10-11
GSTOP/USDT,GSTOP,USDT,2025-10-11
MITCH/USDT,MITCH,USDT,2025-10-11
FORWARD/USDT,FORWARD,USDT,2025-10-11
GQ/USDT,GQ,USDT,2025-10-11
BRAVEHEART/USDT,BRAVEHEART,USDT,2025-10-11
MASS/USDT,MASS,USDT,2025-10-11
TRN/USDT,TRN,USDT,2025-10-11
HUCH/USDT,HUCH,USDT,2025-10-11
WALK/USDT,WALK,USDT,2025-10-11
DPR/USDT,DPR,USDT,2025-10-11
FUCOIN/USDT,FUCOIN,USDT,2025-10-11
NZC/USDT,NZC,USDT,2025-10-11
SRX/USDT,SRX,USDT,2025-10-11
GENO/USDT,GENO,USDT,2025-10-11
CROWN/USDT,CROWN,USDT,2025-10-11
TRENCHER/USDT,TRENCHER,USDT,2025-10-11
INFOFI/USDT,INFOFI,USDT,2025-10-11
UOS/USDT,UOS,USDT,2025-10-11
TRUST/USDT,TRUST,USDT,2025-10-11
XLS/USDT,XLS,USDT,2025-10-11
KAZONOMICS/USDT,KAZONOMICS,USDT,2025-10-11
CATE/USDT,CATE,USDT,2025-10-11
EAGLE/USDT,EAGLE,USDT,2025-10-11
CAM/USDT,CAM,USDT,2025-10-11
FMXEN/USDT,FMXEN,USDT,2025-10-11
YAKA/USDT,YAKA,USDT,2025-10-11
RATO/USDT,RATO,USDT,2025-10-11
LMCSWAP/USDT,LMCSWAP,USDT,2025-10-11
PKTC/USDT,PKTC,USDT,2025-10-11
KDG/USDT,KDG,USDT,2025-10-11
SUISEI/USDT,SUISEI,USDT,2025-10-11
HQ/USDT,HQ,USDT,2025-10-11
PMG/USDT,PMG,USDT,2025-10-11
LLM1/USDT,LLM1,USDT,2025-10-11
PEOG/USDT,PEOG,USDT,2025-10-11
AE/USDT,AE,USDT,2025-10-11
HOLOLOGS/USDT,HOLOLOGS,USDT,2025-10-11
RETARDIO/USDT,RETARDIO,USDT,2025-10-11
ARENA/USDT,ARENA,USDT,2025-10-11
SQUAD/USDT,SQUAD,USDT,2025-10-11
UNIART/USDT,UNIART,USDT,2025-10-11
IMPERFECT/USDT,IMPERFECT,USDT,2025-10-11
CUPSEY/USDT,CUPSEY,USDT,2025-10-11
MOON/USDT,MOON,USDT,2025-10-11
JUNO/USDT,JUNO,USDT,2025-10-11
EMULITES/USDT,EMULITES,USDT,2025-10-11
NEBL/USDT,NEBL,USDT,2025-10-11
EXS/USDT,EXS,USDT,2025-10-11
DEB/USDT,DEB,USDT,2025-10-11
SDT/USDT,SDT,USDT,2025-10-11
EON/USDT,EON,USDT,2025-10-11
AJUN/USDT,AJUN,USDT,2025-10-11
MCB/USDT,MCB,USDT,2025-10-11
AGNT/USDT,AGNT,USDT,2025-10-11
CRTS/USDT,CRTS,USDT,2025-10-11
LBTC1/USDT,LBTC1,USDT,2025-10-11
STAGE/USDT,STAGE,USDT,2025-10-11
SCAM/USDT,SCAM,USDT,2025-10-11
MPAA/USDT,MPAA,USDT,2025-10-11
EARNM/USDT,EARNM,USDT,2025-10-11
FLIPR/USDT,FLIPR,USDT,2025-10-11
LCAT/USDT,LCAT,USDT,2025-10-11
HENLO/USDT,HENLO,USDT,2025-10-11
AUBRAI/USDT,AUBRAI,USDT,2025-10-11
SOONS/USDT,SOONS,USDT,2025-10-12
PHYCHAIN/USDT,PHYCHAIN,USDT,2025-10-12
XCV/USDT,XCV,USDT,2025-10-12
TRISIG/USDT,TRISIG,USDT,2025-10-12
GQB/USDT,GQB,USDT,2025-10-12
WTA/USDT,WTA,USDT,2025-10-12
GALAXIS/USDT,GALAXIS,USDT,2025-10-12
GREENBTC/USDT,GREENBTC,USDT,2025-10-12
NAP/USDT,NAP,USDT,2025-10-12
KRU/USDT,KRU,USDT,2025-10-12
NOVA/USDT,NOVA,USDT,2025-10-12
MRMINT/USDT,MRMINT,USDT,2025-10-12
EQ/USDT,EQ,USDT,2025-10-12
VICS/USDT,VICS,USDT,2025-10-12
GSTOP/USDT,GSTOP,USDT,2025-10-12
FORWARD/USDT,FORWARD,USDT,2025-10-12
GQ/USDT,GQ,USDT,2025-10-12
MASS/USDT,MASS,USDT,2025-10-12
TRN/USDT,TRN,USDT,2025-10-12
WALK/USDT,WALK,USDT,2025-10-12
DPR/USDT,DPR,USDT,2025-10-12
FLIX/USDT,FLIX,USDT,2025-10-12
FUCOIN/USDT,FUCOIN,USDT,2025-10-12
NZC/USDT,NZC,USDT,2025-10-12
SRX/USDT,SRX,USDT,2025-10-12
GENO/USDT,GENO,USDT,2025-10-12
CROWN/USDT,CROWN,USDT,2025-10-12
TRENCHER/USDT,TRENCHER,USDT,2025-10-12
INFOFI/USDT,INFOFI,USDT,2025-10-12
UOS/USDT,UOS,USDT,2025-10-12
TRUST/USDT,TRUST,USDT,2025-10-12
XLS/USDT,XLS,USDT,2025-10-12
CATE/USDT,CATE,USDT,2025-10-12
CAM/USDT,CAM,USDT,2025-10-12
FMXEN/USDT,FMXEN,USDT,2025-10-12
YAKA/USDT,YAKA,USDT,2025-10-12
RATO/USDT,RATO,USDT,2025-10-12
LMCSWAP/USDT,LMCSWAP,USDT,2025-10-12
PKTC/USDT,PKTC,USDT,2025-10-12
KDG/USDT,KDG,USDT,2025-10-12
HQ/USDT,HQ,USDT,2025-10-12
PMG/USDT,PMG,USDT,2025-10-12
PEOG/USDT,PEOG,USDT,2025-10-12
AE/USDT,AE,USDT,2025-10-12
RETARDIO/USDT,RETARDIO,USDT,2025-10-12
ARENA/USDT,ARENA,USDT,2025-10-12
SQUAD/USDT,SQUAD,USDT,2025-10-12
MOON/USDT,MOON,USDT,2025-10-12
JUNO/USDT,JUNO,USDT,2025-10-12
NEBL/USDT,NEBL,USDT,2025-10-12
EXS/USDT,EXS,USDT,2025-10-12
DEB/USDT,DEB,USDT,2025-10-12
SDT/USDT,SDT,USDT,2025-10-12
EON/USDT,EON,USDT,2025-10-12
AJUN/USDT,AJUN,USDT,2025-10-12
MCB/USDT,MCB,USDT,2025-10-12
AGNT/USDT,AGNT,USDT,2025-10-12
CRTS/USDT,CRTS,USDT,2025-10-12
LBTC1/USDT,LBTC1,USDT,2025-10-12
STAGE/USDT,STAGE,USDT,2025-10-12
SCAM/USDT,SCAM,USDT,2025-10-12
MPAA/USDT,MPAA,USDT,2025-10-12
EARNM/USDT,EARNM,USDT,2025-10-12
LCAT/USDT,LCAT,USDT,2025-10-12
HENLO/USDT,HENLO,USDT,2025-10-12
SOONS/USDT,SOONS,USDT,2025-10-13
XCV/USDT,XCV,USDT,2025-10-13
TRISIG/USDT,TRISIG,USDT,2025-10-13
GQB/USDT,GQB,USDT,2025-10-13
WTA/USDT,WTA,USDT,2025-10-13
GALAXIS/USDT,GALAXIS,USDT,2025-10-13
GREENBTC/USDT,GREENBTC,USDT,2025-10-13
NAP/USDT,NAP,USDT,2025-10-13
KRU/USDT,KRU,USDT,2025-10-13
NOVA/USDT,NOVA,USDT,2025-10-13
MRMINT/USDT,MRMINT,USDT,2025-10-13
EQ/USDT,EQ,USDT,2025-10-13
VICS/USDT,VICS,USDT,2025-10-13
GSTOP/USDT,GSTOP,USDT,2025-10-13
FORWARD/USDT,FORWARD,USDT,2025-10-13
GQ/USDT,GQ,USDT,2025-10-13
MASS/USDT,MASS,USDT,2025-10-13
TRN/USDT,TRN,USDT,2025-10-13
WALK/USDT,WALK,USDT,2025-10-13
DPR/USDT,DPR,USDT,2025-10-13
FLIX/USDT,FLIX,USDT,2025-10-13
FUCOIN/USDT,FUCOIN,USDT,2025-10-13
NZC/USDT,NZC,USDT,2025-10-13
SRX/USDT,SRX,USDT,2025-10-13
GENO/USDT,GENO,USDT,2025-10-13
CROWN/USDT,CROWN,USDT,2025-10-13
TRENCHER/USDT,TRENCHER,USDT,2025-10-13
INFOFI/USDT,INFOFI,USDT,2025-10-13
UOS/USDT,UOS,USDT,2025-10-13
XLS/USDT,XLS,USDT,2025-10-13
CATE/USDT,CATE,USDT,2025-10-13
CAM/USDT,CAM,USDT,2025-10-13
FMXEN/USDT,FMXEN,USDT,2025-10-13
YAKA/USDT,YAKA,USDT,2025-10-13
RATO/USDT,RATO,USDT,2025-10-13
LMCSWAP/USDT,LMCSWAP,USDT,2025-10-13
PKTC/USDT,PKTC,USDT,2025-10-13
KDG/USDT,KDG,USDT,2025-10-13
HQ/USDT,HQ,USDT,2025-10-13
PMG/USDT,PMG,USDT,2025-10-13
AE/USDT,AE,USDT,2025-10-13
RETARDIO/USDT,RETARDIO,USDT,2025-10-13
ARENA/USDT,ARENA,USDT,2025-10-13
SQUAD/USDT,SQUAD,USDT,2025-10-13
MOON/USDT,MOON,USDT,2025-10-13
JUNO/USDT,JUNO,USDT,2025-10-13
NEBL/USDT,NEBL,USDT,2025-10-13
EXS/USDT,EXS,USDT,2025-10-13
DEB/USDT,DEB,USDT,2025-10-13
SDT/USDT,SDT,USDT,2025-10-13
EON/USDT,EON,USDT,2025-10-13
AJUN/USDT,AJUN,USDT,2025-10-13
MCB/USDT,MCB,USDT,2025-10-13
AGNT/USDT,AGNT,USDT,2025-10-13
CRTS/USDT,CRTS,USDT,2025-10-13
LBTC1/USDT,LBTC1,USDT,2025-10-13
STAGE/USDT,STAGE,USDT,2025-10-13
SCAM/USDT,SCAM,USDT,2025-10-13
MPAA/USDT,MPAA,USDT,2025-10-13
EARNM/USDT,EARNM,USDT,2025-10-13
LCAT/USDT,LCAT,USDT,2025-10-13
HENLO/USDT,HENLO,USDT,2025-10-13
BLT/USDT,BLT,USDT,2025-10-13
NND/USDT,NND,USDT,2025-10-13
GTCAI/USDT,GTCAI,USDT,2025-10-13
AKA/USDT,AKA,USDT,2025-10-13
META/USDT,META,USDT,2025-10-13
BDT/USDT,BDT,USDT,2025-10-13
XU3O8/USDT,XU3O8,USDT,2025-10-13
QZN/USDT,QZN,USDT,2025-10-13
CRAI/USDT,CRAI,USDT,2025-10-13
BRLN/USDT,BRLN,USDT,2025-10-13
STFX/USDT,STFX,USDT,2025-10-13
MTS/USDT,MTS,USDT,2025-10-13
LIORA/USDT,LIORA,USDT,2025-10-13
LUMA/USDT,LUMA,USDT,2025-10-13
TOG/USDT,TOG,USDT,2025-10-13
BBQ/USDT,BBQ,USDT,2025-10-13
CSKY/USDT,CSKY,USDT,2025-10-13
GALEON/USDT,GALEON,USDT,2025-10-13
XCV/USDT,XCV,USDT,2025-10-14
TRISIG/USDT,TRISIG,USDT,2025-10-14
BLT/USDT,BLT,USDT,2025-10-14
GQB/USDT,GQB,USDT,2025-10-14
WTA/USDT,WTA,USDT,2025-10-14
GALAXIS/USDT,GALAXIS,USDT,2025-10-14
GREENBTC/USDT,GREENBTC,USDT,2025-10-14
NAP/USDT,NAP,USDT,2025-10-14
KRU/USDT,KRU,USDT,2025-10-14
NOVA/USDT,NOVA,USDT,2025-10-14
MRMINT/USDT,MRMINT,USDT,2025-10-14
EQ/USDT,EQ,USDT,2025-10-14
VICS/USDT,VICS,USDT,2025-10-14
NND/USDT,NND,USDT,2025-10-14
GTCAI/USDT,GTCAI,USDT,2025-10-14
GSTOP/USDT,GSTOP,USDT,2025-10-14
MASS/USDT,MASS,USDT,2025-10-14
AKA/USDT,AKA,USDT,2025-10-14
TRN/USDT,TRN,USDT,2025-10-14
DPR/USDT,DPR,USDT,2025-10-14
META/USDT,META,USDT,2025-10-14
FUCOIN/USDT,FUCOIN,USDT,2025-10-14
NZC/USDT,NZC,USDT,2025-10-14
BDT/USDT,BDT,USDT,2025-10-14
SRX/USDT,SRX,USDT,2025-10-14
XU3O8/USDT,XU3O8,USDT,2025-10-14
QZN/USDT,QZN,USDT,2025-10-14
CRAI/USDT,CRAI,USDT,2025-10-14
CROWN/USDT,CROWN,USDT,2025-10-14
BRLN/USDT,BRLN,USDT,2025-10-14
INFOFI/USDT,INFOFI,USDT,2025-10-14
UOS/USDT,UOS,USDT,2025-10-14
XLS/USDT,XLS,USDT,2025-10-14
CATE/USDT,CATE,USDT,2025-10-14
STFX/USDT,STFX,USDT,2025-10-14
CAM/USDT,CAM,USDT,2025-10-14
FMXEN/USDT,FMXEN,USDT,2025-10-14
MTS/USDT,MTS,USDT,2025-10-14
YAKA/USDT,YAKA,USDT,2025-10-14
PKTC/USDT,PKTC,USDT,2025-10-14
KDG/USDT,KDG,USDT,2025-10-14
HQ/USDT,HQ,USDT,2025-10-14
PMG/USDT,PMG,USDT,2025-10-14
AE/USDT,AE,USDT,2025-10-14
RETARDIO/USDT,RETARDIO,USDT,2025-10-14
ARENA/USDT,ARENA,USDT,2025-10-14
SQUAD/USDT,SQUAD,USDT,2025-10-14
LIORA/USDT,LIORA,USDT,2025-10-14
MOON/USDT,MOON,USDT,2025-10-14
JUNO/USDT,JUNO,USDT,2025-10-14
NEBL/USDT,NEBL,USDT,2025-10-14
EXS/USDT,EXS,USDT,2025-10-14
DEB/USDT,DEB,USDT,2025-10-14
SDT/USDT,SDT,USDT,2025-10-14
EON/USDT,EON,USDT,2025-10-14
AJUN/USDT,AJUN,USDT,2025-10-14
LUMA/USDT,LUMA,USDT,2025-10-14
MCB/USDT,MCB,USDT,2025-10-14
AGNT/USDT,AGNT,USDT,2025-10-14
CRTS/USDT,CRTS,USDT,2025-10-14
TOG/USDT,TOG,USDT,2025-10-14
BBQ/USDT,BBQ,USDT,2025-10-14
LBTC1/USDT,LBTC1,USDT,2025-10-14
SCAM/USDT,SCAM,USDT,2025-10-14
MPAA/USDT,MPAA,USDT,2025-10-14
EARNM/USDT,EARNM,USDT,2025-10-14
HENLO/USDT,HENLO,USDT,2025-10-14
CSKY/USDT,CSKY,USDT,2025-10-14
SRX/USDT,SRX,USDT,2025-10-15
XCV/USDT,XCV,USDT,2025-10-15
TRISIG/USDT,TRISIG,USDT,2025-10-15
BLT/USDT,BLT,USDT,2025-10-15
GQB/USDT,GQB,USDT,2025-10-15
WTA/USDT,WTA,USDT,2025-10-15
GALAXIS/USDT,GALAXIS,USDT,2025-10-15
GREENBTC/USDT,GREENBTC,USDT,2025-10-15
NAP/USDT,NAP,USDT,2025-10-15
KRU/USDT,KRU,USDT,2025-10-15
NOVA/USDT,NOVA,USDT,2025-10-15
MRMINT/USDT,MRMINT,USDT,2025-10-15
EQ/USDT,EQ,USDT,2025-10-15
VICS/USDT,VICS,USDT,2025-10-15
NND/USDT,NND,USDT,2025-10-15
GTCAI/USDT,GTCAI,USDT,2025-10-15
GSTOP/USDT,GSTOP,USDT,2025-10-15
MASS/USDT,MASS,USDT,2025-10-15
AKA/USDT,AKA,USDT,2025-10-15
TRN/USDT,TRN,USDT,2025-10-15
DPR/USDT,DPR,USDT,2025-10-15
META/USDT,META,USDT,2025-10-15
FUCOIN/USDT,FUCOIN,USDT,2025-10-15
NZC/USDT,NZC,USDT,2025-10-15
BDT/USDT,BDT,USDT,2025-10-15
XU3O8/USDT,XU3O8,USDT,2025-10-15
QZN/USDT,QZN,USDT,2025-10-15
CRAI/USDT,CRAI,USDT,2025-10-15
CROWN/USDT,CROWN,USDT,2025-10-15
BRLN/USDT,BRLN,USDT,2025-10-15
INFOFI/USDT,INFOFI,USDT,2025-10-15
UOS/USDT,UOS,USDT,2025-10-15
XLS/USDT,XLS,USDT,2025-10-15
CATE/USDT,CATE,USDT,2025-10-15
STFX/USDT,STFX,USDT,2025-10-15
CAM/USDT,CAM,USDT,2025-10-15
FMXEN/USDT,FMXEN,USDT,2025-10-15
MTS/USDT,MTS,USDT,2025-10-15
YAKA/USDT,YAKA,USDT,2025-10-15
PKTC/USDT,PKTC,USDT,2025-10-15
KDG/USDT,KDG,USDT,2025-10-15
HQ/USDT,HQ,USDT,2025-10-15
PMG/USDT,PMG,USDT,2025-10-15
AE/USDT,AE,USDT,2025-10-15
RETARDIO/USDT,RETARDIO,USDT,2025-10-15
ARENA/USDT,ARENA,USDT,2025-10-15
SQUAD/USDT,SQUAD,USDT,2025-10-15
LIORA/USDT,LIORA,USDT,2025-10-15
MOON/USDT,MOON,USDT,2025-10-15
JUNO/USDT,JUNO,USDT,2025-10-15
NEBL/USDT,NEBL,USDT,2025-10-15
EXS/USDT,EXS,USDT,2025-10-15
DEB/USDT,DEB,USDT,2025-10-15
SDT/USDT,SDT,USDT,2025-10-15
EON/USDT,EON,USDT,2025-10-15
AJUN/USDT,AJUN,USDT,2025-10-15
LUMA/USDT,LUMA,USDT,2025-10-15
MCB/USDT,MCB,USDT,2025-10-15
AGNT/USDT,AGNT,USDT,2025-10-15
CRTS/USDT,CRTS,USDT,2025-10-15
TOG/USDT,TOG,USDT,2025-10-15
BBQ/USDT,BBQ,USDT,2025-10-15
LBTC1/USDT,LBTC1,USDT,2025-10-15
SCAM/USDT,SCAM,USDT,2025-10-15
MPAA/USDT,MPAA,USDT,2025-10-15
EARNM/USDT,EARNM,USDT,2025-10-15
HENLO/USDT,HENLO,USDT,2025-10-15
CSKY/USDT,CSKY,USDT,2025-10-15
SWIF/USDT,SWIF,USDT,2025-10-15
ALTCOIN/USDT,ALTCOIN,USDT,2025-10-15
DEBT/USDT,DEBT,USDT,2025-10-15
GIB/USDT,GIB,USDT,2025-10-15
IRYNA/USDT,IRYNA,USDT,2025-10-15
IKUN/USDT,IKUN,USDT,2025-10-15
JET2/USDT,JET2,USDT,2025-10-15
HOKK/USDT,HOKK,USDT,2025-10-15
U1/USDT,U1,USDT,2025-10-15
STREAMER/USDT,STREAMER,USDT,2025-10-15
OKAY/USDT,OKAY,USDT,2025-10-15
TBCN/USDT,TBCN,USDT,2025-10-15
SRX/USDT,SRX,USDT,2025-10-16
XCV/USDT,XCV,USDT,2025-10-16
TRISIG/USDT,TRISIG,USDT,2025-10-16
BLT/USDT,BLT,USDT,2025-10-16
GQB/USDT,GQB,USDT,2025-10-16
WTA/USDT,WTA,USDT,2025-10-16
GALAXIS/USDT,GALAXIS,USDT,2025-10-16
SWIF/USDT,SWIF,USDT,2025-10-16
ALTCOIN/USDT,ALTCOIN,USDT,2025-10-16
GREENBTC/USDT,GREENBTC,USDT,2025-10-16
NAP/USDT,NAP,USDT,2025-10-16
KRU/USDT,KRU,USDT,2025-10-16
NOVA/USDT,NOVA,USDT,2025-10-16
MRMINT/USDT,MRMINT,USDT,2025-10-16
EQ/USDT,EQ,USDT,2025-10-16
DEBT/USDT,DEBT,USDT,2025-10-16
VICS/USDT,VICS,USDT,2025-10-16
NND/USDT,NND,USDT,2025-10-16
GIB/USDT,GIB,USDT,2025-10-16
GTCAI/USDT,GTCAI,USDT,2025-10-16
IRYNA/USDT,IRYNA,USDT,2025-10-16
GSTOP/USDT,GSTOP,USDT,2025-10-16
MASS/USDT,MASS,USDT,2025-10-16
AKA/USDT,AKA,USDT,2025-10-16
TRN/USDT,TRN,USDT,2025-10-16
IKUN/USDT,IKUN,USDT,2025-10-16
DPR/USDT,DPR,USDT,2025-10-16
META/USDT,META,USDT,2025-10-16
FUCOIN/USDT,FUCOIN,USDT,2025-10-16
NZC/USDT,NZC,USDT,2025-10-16
BDT/USDT,BDT,USDT,2025-10-16
XU3O8/USDT,XU3O8,USDT,2025-10-16
QZN/USDT,QZN,USDT,2025-10-16
JET2/USDT,JET2,USDT,2025-10-16
CRAI/USDT,CRAI,USDT,2025-10-16
CROWN/USDT,CROWN,USDT,2025-10-16
BRLN/USDT,BRLN,USDT,2025-10-16
INFOFI/USDT,INFOFI,USDT,2025-10-16
HOKK/USDT,HOKK,USDT,2025-10-16
U1/USDT,U1,USDT,2025-10-16
UOS/USDT,UOS,USDT,2025-10-16
XLS/USDT,XLS,USDT,2025-10-16
CATE/USDT,CATE,USDT,2025-10-16
STFX/USDT,STFX,USDT,2025-10-16
CAM/USDT,CAM,USDT,2025-10-16
FMXEN/USDT,FMXEN,USDT,2025-10-16
MTS/USDT,MTS,USDT,2025-10-16
YAKA/USDT,YAKA,USDT,2025-10-16
PKTC/USDT,PKTC,USDT,2025-10-16
STREAMER/USDT,STREAMER,USDT,2025-10-16
KDG/USDT,KDG,USDT,2025-10-16
HQ/USDT,HQ,USDT,2025-10-16
PMG/USDT,PMG,USDT,2025-10-16
AE/USDT,AE,USDT,2025-10-16
RETARDIO/USDT,RETARDIO,USDT,2025-10-16
ARENA/USDT,ARENA,USDT,2025-10-16
OKAY/USDT,OKAY,USDT,2025-10-16
SQUAD/USDT,SQUAD,USDT,2025-10-16
LIORA/USDT,LIORA,USDT,2025-10-16
MOON/USDT,MOON,USDT,2025-10-16
JUNO/USDT,JUNO,USDT,2025-10-16
NEBL/USDT,NEBL,USDT,2025-10-16
EXS/USDT,EXS,USDT,2025-10-16
DEB/USDT,DEB,USDT,2025-10-16
TBCN/USDT,TBCN,USDT,2025-10-16
SDT/USDT,SDT,USDT,2025-10-16
EON/USDT,EON,USDT,2025-10-16
AJUN/USDT,AJUN,USDT,2025-10-16
LUMA/USDT,LUMA,USDT,2025-10-16
MCB/USDT,MCB,USDT,2025-10-16
AGNT/USDT,AGNT,USDT,2025-10-16
CRTS/USDT,CRTS,USDT,2025-10-16
TOG/USDT,TOG,USDT,2025-10-16
BBQ/USDT,BBQ,USDT,2025-10-16
LBTC1/USDT,LBTC1,USDT,2025-10-16
SCAM/USDT,SCAM,USDT,2025-10-16
MPAA/USDT,MPAA,USDT,2025-10-16
EARNM/USDT,EARNM,USDT,2025-10-16
HENLO/USDT,HENLO,USDT,2025-10-16
CSKY/USDT,CSKY,USDT,2025-10-16
CLIPPY/USDT,CLIPPY,USDT,2025-10-16
TOKABU/USDT,TOKABU,USDT,2025-10-16
IFR/USDT,IFR,USDT,2025-10-16
NGC/USDT,NGC,USDT,2025-10-16
LBC/USDT,LBC,USDT,2025-10-16
CGPU/USDT,CGPU,USDT,2025-10-16
SRX/USDT,SRX,USDT,2025-10-17
XCV/USDT,XCV,USDT,2025-10-17
TRISIG/USDT,TRISIG,USDT,2025-10-17
GQB/USDT,GQB,USDT,2025-10-17
WTA/USDT,WTA,USDT,2025-10-17
GALAXIS/USDT,GALAXIS,USDT,2025-10-17
SWIF/USDT,SWIF,USDT,2025-10-17
ALTCOIN/USDT,ALTCOIN,USDT,2025-10-17
GREENBTC/USDT,GREENBTC,USDT,2025-10-17
NAP/USDT,NAP,USDT,2025-10-17
CLIPPY/USDT,CLIPPY,USDT,2025-10-17
KRU/USDT,KRU,USDT,2025-10-17
TOKABU/USDT,TOKABU,USDT,2025-10-17
NOVA/USDT,NOVA,USDT,2025-10-17
MRMINT/USDT,MRMINT,USDT,2025-10-17
EQ/USDT,EQ,USDT,2025-10-17
DEBT/USDT,DEBT,USDT,2025-10-17
VICS/USDT,VICS,USDT,2025-10-17
GIB/USDT,GIB,USDT,2025-10-17
IRYNA/USDT,IRYNA,USDT,2025-10-17
IFR/USDT,IFR,USDT,2025-10-17
GSTOP/USDT,GSTOP,USDT,2025-10-17
MASS/USDT,MASS,USDT,2025-10-17
TRN/USDT,TRN,USDT,2025-10-17
IKUN/USDT,IKUN,USDT,2025-10-17
DPR/USDT,DPR,USDT,2025-10-17
NGC/USDT,NGC,USDT,2025-10-17
FUCOIN/USDT,FUCOIN,USDT,2025-10-17
NZC/USDT,NZC,USDT,2025-10-17
XU3O8/USDT,XU3O8,USDT,2025-10-17
JET2/USDT,JET2,USDT,2025-10-17
CROWN/USDT,CROWN,USDT,2025-10-17
INFOFI/USDT,INFOFI,USDT,2025-10-17
HOKK/USDT,HOKK,USDT,2025-10-17
U1/USDT,U1,USDT,2025-10-17
UOS/USDT,UOS,USDT,2025-10-17
XLS/USDT,XLS,USDT,2025-10-17
CATE/USDT,CATE,USDT,2025-10-17
LBC/USDT,LBC,USDT,2025-10-17
CAM/USDT,CAM,USDT,2025-10-17
FMXEN/USDT,FMXEN,USDT,2025-10-17
YAKA/USDT,YAKA,USDT,2025-10-17
PKTC/USDT,PKTC,USDT,2025-10-17
STREAMER/USDT,STREAMER,USDT,2025-10-17
KDG/USDT,KDG,USDT,2025-10-17
HQ/USDT,HQ,USDT,2025-10-17
PMG/USDT,PMG,USDT,2025-10-17
AE/USDT,AE,USDT,2025-10-17
RETARDIO/USDT,RETARDIO,USDT,2025-10-17
ARENA/USDT,ARENA,USDT,2025-10-17
OKAY/USDT,OKAY,USDT,2025-10-17
SQUAD/USDT,SQUAD,USDT,2025-10-17
MOON/USDT,MOON,USDT,2025-10-17
JUNO/USDT,JUNO,USDT,2025-10-17
NEBL/USDT,NEBL,USDT,2025-10-17
EXS/USDT,EXS,USDT,2025-10-17
DEB/USDT,DEB,USDT,2025-10-17
TBCN/USDT,TBCN,USDT,2025-10-17
SDT/USDT,SDT,USDT,2025-10-17
EON/USDT,EON,USDT,2025-10-17
AJUN/USDT,AJUN,USDT,2025-10-17
MCB/USDT,MCB,USDT,2025-10-17
AGNT/USDT,AGNT,USDT,2025-10-17
CRTS/USDT,CRTS,USDT,2025-10-17
LBTC1/USDT,LBTC1,USDT,2025-10-17
SCAM/USDT,SCAM,USDT,2025-10-17
MPAA/USDT,MPAA,USDT,2025-10-17
EARNM/USDT,EARNM,USDT,2025-10-17
CGPU/USDT,CGPU,USDT,2025-10-17
HENLO/USDT,HENLO,USDT,2025-10-17
ZON/USDT,ZON,USDT,2025-10-17
TYT/USDT,TYT,USDT,2025-10-17
SRX/USDT,SRX,USDT,2025-10-18
XCV/USDT,XCV,USDT,2025-10-18
TRISIG/USDT,TRISIG,USDT,2025-10-18
ZON/USDT,ZON,USDT,2025-10-18
GQB/USDT,GQB,USDT,2025-10-18
WTA/USDT,WTA,USDT,2025-10-18
GALAXIS/USDT,GALAXIS,USDT,2025-10-18
SWIF/USDT,SWIF,USDT,2025-10-18
ALTCOIN/USDT,ALTCOIN,USDT,2025-10-18
GREENBTC/USDT,GREENBTC,USDT,2025-10-18
NAP/USDT,NAP,USDT,2025-10-18
CLIPPY/USDT,CLIPPY,USDT,2025-10-18
KRU/USDT,KRU,USDT,2025-10-18
TOKABU/USDT,TOKABU,USDT,2025-10-18
NOVA/USDT,NOVA,USDT,2025-10-18
MRMINT/USDT,MRMINT,USDT,2025-10-18
EQ/USDT,EQ,USDT,2025-10-18
DEBT/USDT,DEBT,USDT,2025-10-18
VICS/USDT,VICS,USDT,2025-10-18
GIB/USDT,GIB,USDT,2025-10-18
IRYNA/USDT,IRYNA,USDT,2025-10-18
IFR/USDT,IFR,USDT,2025-10-18
GSTOP/USDT,GSTOP,USDT,2025-10-18
MASS/USDT,MASS,USDT,2025-10-18
TRN/USDT,TRN,USDT,2025-10-18
IKUN/USDT,IKUN,USDT,2025-10-18
DPR/USDT,DPR,USDT,2025-10-18
NGC/USDT,NGC,USDT,2025-10-18
FUCOIN/USDT,FUCOIN,USDT,2025-10-18
NZC/USDT,NZC,USDT,2025-10-18
XU3O8/USDT,XU3O8,USDT,2025-10-18
JET2/USDT,JET2,USDT,2025-10-18
CROWN/USDT,CROWN,USDT,2025-10-18
INFOFI/USDT,INFOFI,USDT,2025-10-18
HOKK/USDT,HOKK,USDT,2025-10-18
U1/USDT,U1,USDT,2025-10-18
UOS/USDT,UOS,USDT,2025-10-18
XLS/USDT,XLS,USDT,2025-10-18
LBC/USDT,LBC,USDT,2025-10-18
CAM/USDT,CAM,USDT,2025-10-18
FMXEN/USDT,FMXEN,USDT,2025-10-18
YAKA/USDT,YAKA,USDT,2025-10-18
PKTC/USDT,PKTC,USDT,2025-10-18
STREAMER/USDT,STREAMER,USDT,2025-10-18
KDG/USDT,KDG,USDT,2025-10-18
HQ/USDT,HQ,USDT,2025-10-18
PMG/USDT,PMG,USDT,2025-10-18
AE/USDT,AE,USDT,2025-10-18
RETARDIO/USDT,RETARDIO,USDT,2025-10-18
ARENA/USDT,ARENA,USDT,2025-10-18
OKAY/USDT,OKAY,USDT,2025-10-18
SQUAD/USDT,SQUAD,USDT,2025-10-18
MOON/USDT,MOON,USDT,2025-10-18
JUNO/USDT,JUNO,USDT,2025-10-18
NEBL/USDT,NEBL,USDT,2025-10-18
EXS/USDT,EXS,USDT,2025-10-18
DEB/USDT,DEB,USDT,2025-10-18
TBCN/USDT,TBCN,USDT,2025-10-18
SDT/USDT,SDT,USDT,2025-10-18
EON/USDT,EON,USDT,2025-10-18
AJUN/USDT,AJUN,USDT,2025-10-18
TYT/USDT,TYT,USDT,2025-10-18
MCB/USDT,MCB,USDT,2025-10-18
AGNT/USDT,AGNT,USDT,2025-10-18
CRTS/USDT,CRTS,USDT,2025-10-18
LBTC1/USDT,LBTC1,USDT,2025-10-18
SCAM/USDT,SCAM,USDT,2025-10-18
MPAA/USDT,MPAA,USDT,2025-10-18
EARNM/USDT,EARNM,USDT,2025-10-18
CGPU/USDT,CGPU,USDT,2025-10-18
HENLO/USDT,HENLO,USDT,2025-10-18
AXOL/USDT,AXOL,USDT,2025-10-18
AXOL/USDT,AXOL,USDT,2025-10-19
SRX/USDT,SRX,USDT,2025-10-19
XCV/USDT,XCV,USDT,2025-10-19
TRISIG/USDT,TRISIG,USDT,2025-10-19
ZON/USDT,ZON,USDT,2025-10-19
GQB/USDT,GQB,USDT,2025-10-19
WTA/USDT,WTA,USDT,2025-10-19
GALAXIS/USDT,GALAXIS,USDT,2025-10-19
GREENBTC/USDT,GREENBTC,USDT,2025-10-19
NAP/USDT,NAP,USDT,2025-10-19
CLIPPY/USDT,CLIPPY,USDT,2025-10-19
KRU/USDT,KRU,USDT,2025-10-19
TOKABU/USDT,TOKABU,USDT,2025-10-19
NOVA/USDT,NOVA,USDT,2025-10-19
MRMINT/USDT,MRMINT,USDT,2025-10-19
EQ/USDT,EQ,USDT,2025-10-19
VICS/USDT,VICS,USDT,2025-10-19
IFR/USDT,IFR,USDT,2025-10-19
GSTOP/USDT,GSTOP,USDT,2025-10-19
MASS/USDT,MASS,USDT,2025-10-19
TRN/USDT,TRN,USDT,2025-10-19
DPR/USDT,DPR,USDT,2025-10-19
NGC/USDT,NGC,USDT,2025-10-19
FUCOIN/USDT,FUCOIN,USDT,2025-10-19
NZC/USDT,NZC,USDT,2025-10-19
XU3O8/USDT,XU3O8,USDT,2025-10-19
CROWN/USDT,CROWN,USDT,2025-10-19
INFOFI/USDT,INFOFI,USDT,2025-10-19
UOS/USDT,UOS,USDT,2025-10-19
XLS/USDT,XLS,USDT,2025-10-19
LBC/USDT,LBC,USDT,2025-10-19
CAM/USDT,CAM,USDT,2025-10-19
FMXEN/USDT,FMXEN,USDT,2025-10-19
YAKA/USDT,YAKA,USDT,2025-10-19
PKTC/USDT,PKTC,USDT,2025-10-19
KDG/USDT,KDG,USDT,2025-10-19
HQ/USDT,HQ,USDT,2025-10-19
PMG/USDT,PMG,USDT,2025-10-19
AE/USDT,AE,USDT,2025-10-19
RETARDIO/USDT,RETARDIO,USDT,2025-10-19
ARENA/USDT,ARENA,USDT,2025-10-19
SQUAD/USDT,SQUAD,USDT,2025-10-19
MOON/USDT,MOON,USDT,2025-10-19
JUNO/USDT,JUNO,USDT,2025-10-19
NEBL/USDT,NEBL,USDT,2025-10-19
EXS/USDT,EXS,USDT,2025-10-19
DEB/USDT,DEB,USDT,2025-10-19
SDT/USDT,SDT,USDT,2025-10-19
EON/USDT,EON,USDT,2025-10-19
AJUN/USDT,AJUN,USDT,2025-10-19
TYT/USDT,TYT,USDT,2025-10-19
MCB/USDT,MCB,USDT,2025-10-19
AGNT/USDT,AGNT,USDT,2025-10-19
CRTS/USDT,CRTS,USDT,2025-10-19
LBTC1/USDT,LBTC1,USDT,2025-10-19
SCAM/USDT,SCAM,USDT,2025-10-19
MPAA/USDT,MPAA,USDT,2025-10-19
EARNM/USDT,EARNM,USDT,2025-10-19
CGPU/USDT,CGPU,USDT,2025-10-19
HENLO/USDT,HENLO,USDT,2025-10-19
AXOL/USDT,AXOL,USDT,2025-10-20
SRX/USDT,SRX,USDT,2025-10-20
XCV/USDT,XCV,USDT,2025-10-20
TRISIG/USDT,TRISIG,USDT,2025-10-20
ZON/USDT,ZON,USDT,2025-10-20
GQB/USDT,GQB,USDT,2025-10-20
WTA/USDT,WTA,USDT,2025-10-20
GALAXIS/USDT,GALAXIS,USDT,2025-10-20
GREENBTC/USDT,GREENBTC,USDT,2025-10-20
NAP/USDT,NAP,USDT,2025-10-20
KRU/USDT,KRU,USDT,2025-10-20
NOVA/USDT,NOVA,USDT,2025-10-20
MRMINT/USDT,MRMINT,USDT,2025-10-20
EQ/USDT,EQ,USDT,2025-10-20
VICS/USDT,VICS,USDT,2025-10-20
GSTOP/USDT,GSTOP,USDT,2025-10-20
MASS/USDT,MASS,USDT,2025-10-20
TRN/USDT,TRN,USDT,2025-10-20
DPR/USDT,DPR,USDT,2025-10-20
FUCOIN/USDT,FUCOIN,USDT,2025-10-20
NZC/USDT,NZC,USDT,2025-10-20
XU3O8/USDT,XU3O8,USDT,2025-10-20
CROWN/USDT,CROWN,USDT,2025-10-20
INFOFI/USDT,INFOFI,USDT,2025-10-20
UOS/USDT,UOS,USDT,2025-10-20
XLS/USDT,XLS,USDT,2025-10-20
LBC/USDT,LBC,USDT,2025-10-20
CAM/USDT,CAM,USDT,2025-10-20
FMXEN/USDT,FMXEN,USDT,2025-10-20
YAKA/USDT,YAKA,USDT,2025-10-20
PKTC/USDT,PKTC,USDT,2025-10-20
KDG/USDT,KDG,USDT,2025-10-20
HQ/USDT,HQ,USDT,2025-10-20
PMG/USDT,PMG,USDT,2025-10-20
AE/USDT,AE,USDT,2025-10-20
RETARDIO/USDT,RETARDIO,USDT,2025-10-20
ARENA/USDT,ARENA,USDT,2025-10-20
SQUAD/USDT,SQUAD,USDT,2025-10-20
MOON/USDT,MOON,USDT,2025-10-20
JUNO/USDT,JUNO,USDT,2025-10-20
NEBL/USDT,NEBL,USDT,2025-10-20
EXS/USDT,EXS,USDT,2025-10-20
DEB/USDT,DEB,USDT,2025-10-20
SDT/USDT,SDT,USDT,2025-10-20
EON/USDT,EON,USDT,2025-10-20
AJUN/USDT,AJUN,USDT,2025-10-20
TYT/USDT,TYT,USDT,2025-10-20
MCB/USDT,MCB,USDT,2025-10-20
AGNT/USDT,AGNT,USDT,2025-10-20
CRTS/USDT,CRTS,USDT,2025-10-20
LBTC1/USDT,LBTC1,USDT,2025-10-20
SCAM/USDT,SCAM,USDT,2025-10-20
MPAA/USDT,MPAA,USDT,2025-10-20
EARNM/USDT,EARNM,USDT,2025-10-20
HENLO/USDT,HENLO,USDT,2025-10-20
RFL/USDT,RFL,USDT,2025-10-20
PEAR/USDT,PEAR,USDT,2025-10-20
DOGEN/USDT,DOGEN,USDT,2025-10-20
AIX9/USDT,AIX9,USDT,2025-10-20
DOLZ/USDT,DOLZ,USDT,2025-10-20
ZYGO/USDT,ZYGO,USDT,2025-10-20
EGL1/USDT,EGL1,USDT,2025-10-20
AIRI/USDT,AIRI,USDT,2025-10-20
TOKABUETH/USDT,TOKABUETH,USDT,2025-10-20
CHIPS/USDT,CHIPS,USDT,2025-10-20
BPXL/USDT,BPXL,USDT,2025-10-20
SDR/USDT,SDR,USDT,2025-10-20
BACHI/USDT,BACHI,USDT,2025-10-20
NFTAI/USDT,NFTAI,USDT,2025-10-20
LETIT/USDT,LETIT,USDT,2025-10-20
N2T/USDT,N2T,USDT,2025-10-20
ZERC/USDT,ZERC,USDT,2025-10-20
CAS/USDT,CAS,USDT,2025-10-20
AZIT/USDT,AZIT,USDT,2025-10-20
IXORA/USDT,IXORA,USDT,2025-10-20
SHRUB/USDT,SHRUB,USDT,2025-10-20
ALT/USDT,ALT,USDT,2025-10-20
OZK/USDT,OZK,USDT,2025-10-20
C4E/USDT,C4E,USDT,2025-10-20
ORAIX/USDT,ORAIX,USDT,2025-10-20
PLT/USDT,PLT,USDT,2025-10-20
AXOL/USDT,AXOL,USDT,2025-10-21
SRX/USDT,SRX,USDT,2025-10-21
XCV/USDT,XCV,USDT,2025-10-21
TRISIG/USDT,TRISIG,USDT,2025-10-21
GQB/USDT,GQB,USDT,2025-10-21
DOGEN/USDT,DOGEN,USDT,2025-10-21
WTA/USDT,WTA,USDT,2025-10-21
GALAXIS/USDT,GALAXIS,USDT,2025-10-21
AIX9/USDT,AIX9,USDT,2025-10-21
DOLZ/USDT,DOLZ,USDT,2025-10-21
GREENBTC/USDT,GREENBTC,USDT,2025-10-21
NAP/USDT,NAP,USDT,2025-10-21
KRU/USDT,KRU,USDT,2025-10-21
NOVA/USDT,NOVA,USDT,2025-10-21
ZYGO/USDT,ZYGO,USDT,2025-10-21
MRMINT/USDT,MRMINT,USDT,2025-10-21
EQ/USDT,EQ,USDT,2025-10-21
VICS/USDT,VICS,USDT,2025-10-21
EGL1/USDT,EGL1,USDT,2025-10-21
AIRI/USDT,AIRI,USDT,2025-10-21
TOKABUETH/USDT,TOKABUETH,USDT,2025-10-21
CHIPS/USDT,CHIPS,USDT,2025-10-21
GSTOP/USDT,GSTOP,USDT,2025-10-21
BPXL/USDT,BPXL,USDT,2025-10-21
MASS/USDT,MASS,USDT,2025-10-21
TRN/USDT,TRN,USDT,2025-10-21
DPR/USDT,DPR,USDT,2025-10-21
FUCOIN/USDT,FUCOIN,USDT,2025-10-21
NZC/USDT,NZC,USDT,2025-10-21
SDR/USDT,SDR,USDT,2025-10-21
XU3O8/USDT,XU3O8,USDT,2025-10-21
BACHI/USDT,BACHI,USDT,2025-10-21
NFTAI/USDT,NFTAI,USDT,2025-10-21
CROWN/USDT,CROWN,USDT,2025-10-21
INFOFI/USDT,INFOFI,USDT,2025-10-21
LETIT/USDT,LETIT,USDT,2025-10-21
UOS/USDT,UOS,USDT,2025-10-21
XLS/USDT,XLS,USDT,2025-10-21
LBC/USDT,LBC,USDT,2025-10-21
N2T/USDT,N2T,USDT,2025-10-21
CAM/USDT,CAM,USDT,2025-10-21
FMXEN/USDT,FMXEN,USDT,2025-10-21
YAKA/USDT,YAKA,USDT,2025-10-21
ZERC/USDT,ZERC,USDT,2025-10-21
PKTC/USDT,PKTC,USDT,2025-10-21
CAS/USDT,CAS,USDT,2025-10-21
KDG/USDT,KDG,USDT,2025-10-21
HQ/USDT,HQ,USDT,2025-10-21
PMG/USDT,PMG,USDT,2025-10-21
AE/USDT,AE,USDT,2025-10-21
RETARDIO/USDT,RETARDIO,USDT,2025-10-21
AZIT/USDT,AZIT,USDT,2025-10-21
ARENA/USDT,ARENA,USDT,2025-10-21
SQUAD/USDT,SQUAD,USDT,2025-10-21
IXORA/USDT,IXORA,USDT,2025-10-21
SHRUB/USDT,SHRUB,USDT,2025-10-21
RFL/USDT,RFL,USDT,2025-10-21
ALT/USDT,ALT,USDT,2025-10-21
MOON/USDT,MOON,USDT,2025-10-21
OZK/USDT,OZK,USDT,2025-10-21
JUNO/USDT,JUNO,USDT,2025-10-21
C4E/USDT,C4E,USDT,2025-10-21
ORAIX/USDT,ORAIX,USDT,2025-10-21
NEBL/USDT,NEBL,USDT,2025-10-21
EXS/USDT,EXS,USDT,2025-10-21
DEB/USDT,DEB,USDT,2025-10-21
SDT/USDT,SDT,USDT,2025-10-21
EON/USDT,EON,USDT,2025-10-21
AJUN/USDT,AJUN,USDT,2025-10-21
TYT/USDT,TYT,USDT,2025-10-21
PEAR/USDT,PEAR,USDT,2025-10-21
MCB/USDT,MCB,USDT,2025-10-21
AGNT/USDT,AGNT,USDT,2025-10-21
CRTS/USDT,CRTS,USDT,2025-10-21
LBTC1/USDT,LBTC1,USDT,2025-10-21
PLT/USDT,PLT,USDT,2025-10-21
SCAM/USDT,SCAM,USDT,2025-10-21
MPAA/USDT,MPAA,USDT,2025-10-21
EARNM/USDT,EARNM,USDT,2025-10-21
HENLO/USDT,HENLO,USDT,2025-10-21
SRX/USDT,SRX,USDT,2025-10-22
XCV/USDT,XCV,USDT,2025-10-22
TRISIG/USDT,TRISIG,USDT,2025-10-22
GQB/USDT,GQB,USDT,2025-10-22
DOGEN/USDT,DOGEN,USDT,2025-10-22
WTA/USDT,WTA,USDT,2025-10-22
GALAXIS/USDT,GALAXIS,USDT,2025-10-22
AIX9/USDT,AIX9,USDT,2025-10-22
DOLZ/USDT,DOLZ,USDT,2025-10-22
GREENBTC/USDT,GREENBTC,USDT,2025-10-22
NAP/USDT,NAP,USDT,2025-10-22
KRU/USDT,KRU,USDT,2025-10-22
NOVA/USDT,NOVA,USDT,2025-10-22
ZYGO/USDT,ZYGO,USDT,2025-10-22
MRMINT/USDT,MRMINT,USDT,2025-10-22
EQ/USDT,EQ,USDT,2025-10-22
VICS/USDT,VICS,USDT,2025-10-22
EGL1/USDT,EGL1,USDT,2025-10-22
AIRI/USDT,AIRI,USDT,2025-10-22
TOKABUETH/USDT,TOKABUETH,USDT,2025-10-22
CHIPS/USDT,CHIPS,USDT,2025-10-22
GSTOP/USDT,GSTOP,USDT,2025-10-22
BPXL/USDT,BPXL,USDT,2025-10-22
MASS/USDT,MASS,USDT,2025-10-22
TRN/USDT,TRN,USDT,2025-10-22
DPR/USDT,DPR,USDT,2025-10-22
FUCOIN/USDT,FUCOIN,USDT,2025-10-22
NZC/USDT,NZC,USDT,2025-10-22
SDR/USDT,SDR,USDT,2025-10-22
XU3O8/USDT,XU3O8,USDT,2025-10-22
BACHI/USDT,BACHI,USDT,2025-10-22
NFTAI/USDT,NFTAI,USDT,2025-10-22
CROWN/USDT,CROWN,USDT,2025-10-22
INFOFI/USDT,INFOFI,USDT,2025-10-22
LETIT/USDT,LETIT,USDT,2025-10-22
UOS/USDT,UOS,USDT,2025-10-22
XLS/USDT,XLS,USDT,2025-10-22
LBC/USDT,LBC,USDT,2025-10-22
N2T/USDT,N2T,USDT,2025-10-22
CAM/USDT,CAM,USDT,2025-10-22
FMXEN/USDT,FMXEN,USDT,2025-10-22
YAKA/USDT,YAKA,USDT,2025-10-22
ZERC/USDT,ZERC,USDT,2025-10-22
PKTC/USDT,PKTC,USDT,2025-10-22
CAS/USDT,CAS,USDT,2025-10-22
KDG/USDT,KDG,USDT,2025-10-22
HQ/USDT,HQ,USDT,2025-10-22
PMG/USDT,PMG,USDT,2025-10-22
AE/USDT,AE,USDT,2025-10-22
RETARDIO/USDT,RETARDIO,USDT,2025-10-22
AZIT/USDT,AZIT,USDT,2025-10-22
ARENA/USDT,ARENA,USDT,2025-10-22
SQUAD/USDT,SQUAD,USDT,2025-10-22
IXORA/USDT,IXORA,USDT,2025-10-22
SHRUB/USDT,SHRUB,USDT,2025-10-22
RFL/USDT,RFL,USDT,2025-10-22
ALT/USDT,ALT,USDT,2025-10-22
MOON/USDT,MOON,USDT,2025-10-22
OZK/USDT,OZK,USDT,2025-10-22
JUNO/USDT,JUNO,USDT,2025-10-22
C4E/USDT,C4E,USDT,2025-10-22
ORAIX/USDT,ORAIX,USDT,2025-10-22
NEBL/USDT,NEBL,USDT,2025-10-22
EXS/USDT,EXS,USDT,2025-10-22
DEB/USDT,DEB,USDT,2025-10-22
SDT/USDT,SDT,USDT,2025-10-22
EON/USDT,EON,USDT,2025-10-22
AJUN/USDT,AJUN,USDT,2025-10-22
PEAR/USDT,PEAR,USDT,2025-10-22
MCB/USDT,MCB,USDT,2025-10-22
AGNT/USDT,AGNT,USDT,2025-10-22
CRTS/USDT,CRTS,USDT,2025-10-22
LBTC1/USDT,LBTC1,USDT,2025-10-22
PLT/USDT,PLT,USDT,2025-10-22
SCAM/USDT,SCAM,USDT,2025-10-22
MPAA/USDT,MPAA,USDT,2025-10-22
EARNM/USDT,EARNM,USDT,2025-10-22
HENLO/USDT,HENLO,USDT,2025-10-22
1/USDT,1,USDT,2025-10-22
POLYFACTS/USDT,POLYFACTS,USDT,2025-10-22
FTP/USDT,FTP,USDT,2025-10-22
PCULE/USDT,PCULE,USDT,2025-10-22
NDQ/USDT,NDQ,USDT,2025-10-22
CLIP/USDT,CLIP,USDT,2025-10-22
67/USDT,67,USDT,2025-10-22
RETIRE/USDT,RETIRE,USDT,2025-10-22
OKI/USDT,OKI,USDT,2025-10-22
RUNNER/USDT,RUNNER,USDT,2025-10-22
STARS/USDT,STARS,USDT,2025-10-22
USDWON/USDT,USDWON,USDT,2025-10-22
STRSZN/USDT,STRSZN,USDT,2025-10-22
XWIZARD/USDT,XWIZARD,USDT,2025-10-22
KDA/USDT,KDA,USDT,2025-10-22
GMRT/USDT,GMRT,USDT,2025-10-22
POLC/USDT,POLC,USDT,2025-10-22
KDA/USDT,KDA,USDT,2025-10-23
XCV/USDT,XCV,USDT,2025-10-23
TRISIG/USDT,TRISIG,USDT,2025-10-23
GQB/USDT,GQB,USDT,2025-10-23
DOGEN/USDT,DOGEN,USDT,2025-10-23
WTA/USDT,WTA,USDT,2025-10-23
GALAXIS/USDT,GALAXIS,USDT,2025-10-23
AIX9/USDT,AIX9,USDT,2025-10-23
DOLZ/USDT,DOLZ,USDT,2025-10-23
1/USDT,1,USDT,2025-10-23
GREENBTC/USDT,GREENBTC,USDT,2025-10-23
NAP/USDT,NAP,USDT,2025-10-23
KRU/USDT,KRU,USDT,2025-10-23
NOVA/USDT,NOVA,USDT,2025-10-23
ZYGO/USDT,ZYGO,USDT,2025-10-23
MRMINT/USDT,MRMINT,USDT,2025-10-23
EQ/USDT,EQ,USDT,2025-10-23
VICS/USDT,VICS,USDT,2025-10-23
POLYFACTS/USDT,POLYFACTS,USDT,2025-10-23
EGL1/USDT,EGL1,USDT,2025-10-23
AIRI/USDT,AIRI,USDT,2025-10-23
TOKABUETH/USDT,TOKABUETH,USDT,2025-10-23
GMRT/USDT,GMRT,USDT,2025-10-23
CHIPS/USDT,CHIPS,USDT,2025-10-23
GSTOP/USDT,GSTOP,USDT,2025-10-23
BPXL/USDT,BPXL,USDT,2025-10-23
FTP/USDT,FTP,USDT,2025-10-23
POLC/USDT,POLC,USDT,2025-10-23
MASS/USDT,MASS,USDT,2025-10-23
TRN/USDT,TRN,USDT,2025-10-23
DPR/USDT,DPR,USDT,2025-10-23
FUCOIN/USDT,FUCOIN,USDT,2025-10-23
NZC/USDT,NZC,USDT,2025-10-23
SDR/USDT,SDR,USDT,2025-10-23
XU3O8/USDT,XU3O8,USDT,2025-10-23
BACHI/USDT,BACHI,USDT,2025-10-23
NFTAI/USDT,NFTAI,USDT,2025-10-23
CROWN/USDT,CROWN,USDT,2025-10-23
INFOFI/USDT,INFOFI,USDT,2025-10-23
LETIT/USDT,LETIT,USDT,2025-10-23
UOS/USDT,UOS,USDT,2025-10-23
XLS/USDT,XLS,USDT,2025-10-23
LBC/USDT,LBC,USDT,2025-10-23
N2T/USDT,N2T,USDT,2025-10-23
PCULE/USDT,PCULE,USDT,2025-10-23
CAM/USDT,CAM,USDT,2025-10-23
FMXEN/USDT,FMXEN,USDT,2025-10-23
YAKA/USDT,YAKA,USDT,2025-10-23
ZERC/USDT,ZERC,USDT,2025-10-23
PKTC/USDT,PKTC,USDT,2025-10-23
CAS/USDT,CAS,USDT,2025-10-23
KDG/USDT,KDG,USDT,2025-10-23
HQ/USDT,HQ,USDT,2025-10-23
CLIP/USDT,CLIP,USDT,2025-10-23
PMG/USDT,PMG,USDT,2025-10-23
AE/USDT,AE,USDT,2025-10-23
RETARDIO/USDT,RETARDIO,USDT,2025-10-23
AZIT/USDT,AZIT,USDT,2025-10-23
ARENA/USDT,ARENA,USDT,2025-10-23
SQUAD/USDT,SQUAD,USDT,2025-10-23
IXORA/USDT,IXORA,USDT,2025-10-23
SHRUB/USDT,SHRUB,USDT,2025-10-23
RFL/USDT,RFL,USDT,2025-10-23
ALT/USDT,ALT,USDT,2025-10-23
67/USDT,67,USDT,2025-10-23
MOON/USDT,MOON,USDT,2025-10-23
OZK/USDT,OZK,USDT,2025-10-23
JUNO/USDT,JUNO,USDT,2025-10-23
C4E/USDT,C4E,USDT,2025-10-23
RETIRE/USDT,RETIRE,USDT,2025-10-23
ORAIX/USDT,ORAIX,USDT,2025-10-23
NEBL/USDT,NEBL,USDT,2025-10-23
EXS/USDT,EXS,USDT,2025-10-23
DEB/USDT,DEB,USDT,2025-10-23
OKI/USDT,OKI,USDT,2025-10-23
RUNNER/USDT,RUNNER,USDT,2025-10-23
STARS/USDT,STARS,USDT,2025-10-23
SDT/USDT,SDT,USDT,2025-10-23
EON/USDT,EON,USDT,2025-10-23
AJUN/USDT,AJUN,USDT,2025-10-23
PEAR/USDT,PEAR,USDT,2025-10-23
USDWON/USDT,USDWON,USDT,2025-10-23
MCB/USDT,MCB,USDT,2025-10-23
AGNT/USDT,AGNT,USDT,2025-10-23
STRSZN/USDT,STRSZN,USDT,2025-10-23
CRTS/USDT,CRTS,USDT,2025-10-23
XWIZARD/USDT,XWIZARD,USDT,2025-10-23
LBTC1/USDT,LBTC1,USDT,2025-10-23
PLT/USDT,PLT,USDT,2025-10-23
SCAM/USDT,SCAM,USDT,2025-10-23
MPAA/USDT,MPAA,USDT,2025-10-23
EARNM/USDT,EARNM,USDT,2025-10-23
HENLO/USDT,HENLO,USDT,2025-10-23
BVT/USDT,BVT,USDT,2025-10-23
KDA/USDT,KDA,USDT,2025-10-24
XCV/USDT,XCV,USDT,2025-10-24
TRISIG/USDT,TRISIG,USDT,2025-10-24
BVT/USDT,BVT,USDT,2025-10-24
GQB/USDT,GQB,USDT,2025-10-24
WTA/USDT,WTA,USDT,2025-10-24
GALAXIS/USDT,GALAXIS,USDT,2025-10-24
1/USDT,1,USDT,2025-10-24
GREENBTC/USDT,GREENBTC,USDT,2025-10-24
NAP/USDT,NAP,USDT,2025-10-24
KRU/USDT,KRU,USDT,2025-10-24
NOVA/USDT,NOVA,USDT,2025-10-24
MRMINT/USDT,MRMINT,USDT,2025-10-24
EQ/USDT,EQ,USDT,2025-10-24
VICS/USDT,VICS,USDT,2025-10-24
POLYFACTS/USDT,POLYFACTS,USDT,2025-10-24
GMRT/USDT,GMRT,USDT,2025-10-24
GSTOP/USDT,GSTOP,USDT,2025-10-24
FTP/USDT,FTP,USDT,2025-10-24
POLC/USDT,POLC,USDT,2025-10-24
MASS/USDT,MASS,USDT,2025-10-24
TRN/USDT,TRN,USDT,2025-10-24
DPR/USDT,DPR,USDT,2025-10-24
FUCOIN/USDT,FUCOIN,USDT,2025-10-24
NZC/USDT,NZC,USDT,2025-10-24
SDR/USDT,SDR,USDT,2025-10-24
XU3O8/USDT,XU3O8,USDT,2025-10-24
BACHI/USDT,BACHI,USDT,2025-10-24
CROWN/USDT,CROWN,USDT,2025-10-24
INFOFI/USDT,INFOFI,USDT,2025-10-24
UOS/USDT,UOS,USDT,2025-10-24
XLS/USDT,XLS,USDT,2025-10-24
LBC/USDT,LBC,USDT,2025-10-24
PCULE/USDT,PCULE,USDT,2025-10-24
CAM/USDT,CAM,USDT,2025-10-24
FMXEN/USDT,FMXEN,USDT,2025-10-24
YAKA/USDT,YAKA,USDT,2025-10-24
ZERC/USDT,ZERC,USDT,2025-10-24
PKTC/USDT,PKTC,USDT,2025-10-24
CAS/USDT,CAS,USDT,2025-10-24
KDG/USDT,KDG,USDT,2025-10-24
HQ/USDT,HQ,USDT,2025-10-24
CLIP/USDT,CLIP,USDT,2025-10-24
PMG/USDT,PMG,USDT,2025-10-24
AE/USDT,AE,USDT,2025-10-24
RETARDIO/USDT,RETARDIO,USDT,2025-10-24
AZIT/USDT,AZIT,USDT,2025-10-24
ARENA/USDT,ARENA,USDT,2025-10-24
SQUAD/USDT,SQUAD,USDT,2025-10-24
67/USDT,67,USDT,2025-10-24
MOON/USDT,MOON,USDT,2025-10-24
OZK/USDT,OZK,USDT,2025-10-24
JUNO/USDT,JUNO,USDT,2025-10-24
RETIRE/USDT,RETIRE,USDT,2025-10-24
NEBL/USDT,NEBL,USDT,2025-10-24
EXS/USDT,EXS,USDT,2025-10-24
DEB/USDT,DEB,USDT,2025-10-24
OKI/USDT,OKI,USDT,2025-10-24
RUNNER/USDT,RUNNER,USDT,2025-10-24
STARS/USDT,STARS,USDT,2025-10-24
SDT/USDT,SDT,USDT,2025-10-24
EON/USDT,EON,USDT,2025-10-24
AJUN/USDT,AJUN,USDT,2025-10-24
USDWON/USDT,USDWON,USDT,2025-10-24
MCB/USDT,MCB,USDT,2025-10-24
AGNT/USDT,AGNT,USDT,2025-10-24
STRSZN/USDT,STRSZN,USDT,2025-10-24
CRTS/USDT,CRTS,USDT,2025-10-24
XWIZARD/USDT,XWIZARD,USDT,2025-10-24
LBTC1/USDT,LBTC1,USDT,2025-10-24
PLT/USDT,PLT,USDT,2025-10-24
SCAM/USDT,SCAM,USDT,2025-10-24
MPAA/USDT,MPAA,USDT,2025-10-24
EARNM/USDT,EARNM,USDT,2025-10-24
HENLO/USDT,HENLO,USDT,2025-10-24
ELIZA1/USDT,ELIZA1,USDT,2025-10-24
KDA/USDT,KDA,USDT,2025-10-25
XCV/USDT,XCV,USDT,2025-10-25
TRISIG/USDT,TRISIG,USDT,2025-10-25
BVT/USDT,BVT,USDT,2025-10-25
GQB/USDT,GQB,USDT,2025-10-25
WTA/USDT,WTA,USDT,2025-10-25
GALAXIS/USDT,GALAXIS,USDT,2025-10-25
1/USDT,1,USDT,2025-10-25
GREENBTC/USDT,GREENBTC,USDT,2025-10-25
NAP/USDT,NAP,USDT,2025-10-25
KRU/USDT,KRU,USDT,2025-10-25
NOVA/USDT,NOVA,USDT,2025-10-25
EQ/USDT,EQ,USDT,2025-10-25
VICS/USDT,VICS,USDT,2025-10-25
POLYFACTS/USDT,POLYFACTS,USDT,2025-10-25
GMRT/USDT,GMRT,USDT,2025-10-25
GSTOP/USDT,GSTOP,USDT,2025-10-25
FTP/USDT,FTP,USDT,2025-10-25
POLC/USDT,POLC,USDT,2025-10-25
MASS/USDT,MASS,USDT,2025-10-25
TRN/USDT,TRN,USDT,2025-10-25
DPR/USDT,DPR,USDT,2025-10-25
FUCOIN/USDT,FUCOIN,USDT,2025-10-25
NZC/USDT,NZC,USDT,2025-10-25
SDR/USDT,SDR,USDT,2025-10-25
BACHI/USDT,BACHI,USDT,2025-10-25
CROWN/USDT,CROWN,USDT,2025-10-25
ELIZA1/USDT,ELIZA1,USDT,2025-10-25
INFOFI/USDT,INFOFI,USDT,2025-10-25
UOS/USDT,UOS,USDT,2025-10-25
XLS/USDT,XLS,USDT,2025-10-25
LBC/USDT,LBC,USDT,2025-10-25
PCULE/USDT,PCULE,USDT,2025-10-25
CAM/USDT,CAM,USDT,2025-10-25
FMXEN/USDT,FMXEN,USDT,2025-10-25
YAKA/USDT,YAKA,USDT,2025-10-25
ZERC/USDT,ZERC,USDT,2025-10-25
CAS/USDT,CAS,USDT,2025-10-25
KDG/USDT,KDG,USDT,2025-10-25
HQ/USDT,HQ,USDT,2025-10-25
CLIP/USDT,CLIP,USDT,2025-10-25
PMG/USDT,PMG,USDT,2025-10-25
AE/USDT,AE,USDT,2025-10-25
RETARDIO/USDT,RETARDIO,USDT,2025-10-25
AZIT/USDT,AZIT,USDT,2025-10-25
ARENA/USDT,ARENA,USDT,2025-10-25
SQUAD/USDT,SQUAD,USDT,2025-10-25
67/USDT,67,USDT,2025-10-25
MOON/USDT,MOON,USDT,2025-10-25
OZK/USDT,OZK,USDT,2025-10-25
JUNO/USDT,JUNO,USDT,2025-10-25
RETIRE/USDT,RETIRE,USDT,2025-10-25
NEBL/USDT,NEBL,USDT,2025-10-25
EXS/USDT,EXS,USDT,2025-10-25
DEB/USDT,DEB,USDT,2025-10-25
OKI/USDT,OKI,USDT,2025-10-25
RUNNER/USDT,RUNNER,USDT,2025-10-25
STARS/USDT,STARS,USDT,2025-10-25
SDT/USDT,SDT,USDT,2025-10-25
EON/USDT,EON,USDT,2025-10-25
AJUN/USDT,AJUN,USDT,2025-10-25
USDWON/USDT,USDWON,USDT,2025-10-25
MCB/USDT,MCB,USDT,2025-10-25
AGNT/USDT,AGNT,USDT,2025-10-25
STRSZN/USDT,STRSZN,USDT,2025-10-25
CRTS/USDT,CRTS,USDT,2025-10-25
XWIZARD/USDT,XWIZARD,USDT,2025-10-25
LBTC1/USDT,LBTC1,USDT,2025-10-25
PLT/USDT,PLT,USDT,2025-10-25
SCAM/USDT,SCAM,USDT,2025-10-25
MPAA/USDT,MPAA,USDT,2025-10-25
EARNM/USDT,EARNM,USDT,2025-10-25
HENLO/USDT,HENLO,USDT,2025-10-25
KDA/USDT,KDA,USDT,2025-10-26
XCV/USDT,XCV,USDT,2025-10-26
TRISIG/USDT,TRISIG,USDT,2025-10-26
BVT/USDT,BVT,USDT,2025-10-26
GQB/USDT,GQB,USDT,2025-10-26
WTA/USDT,WTA,USDT,2025-10-26
GALAXIS/USDT,GALAXIS,USDT,2025-10-26
GREENBTC/USDT,GREENBTC,USDT,2025-10-26
NAP/USDT,NAP,USDT,2025-10-26
KRU/USDT,KRU,USDT,2025-10-26
NOVA/USDT,NOVA,USDT,2025-10-26
EQ/USDT,EQ,USDT,2025-10-26
VICS/USDT,VICS,USDT,2025-10-26
HYPERSKIDS/USDT,HYPERSKIDS,USDT,2025-10-26
GSTOP/USDT,GSTOP,USDT,2025-10-26
MASS/USDT,MASS,USDT,2025-10-26
TRN/USDT,TRN,USDT,2025-10-26
DPR/USDT,DPR,USDT,2025-10-26
FUCOIN/USDT,FUCOIN,USDT,2025-10-26
NZC/USDT,NZC,USDT,2025-10-26
SDR/USDT,SDR,USDT,2025-10-26
BACHI/USDT,BACHI,USDT,2025-10-26
CROWN/USDT,CROWN,USDT,2025-10-26
ELIZA1/USDT,ELIZA1,USDT,2025-10-26
INFOFI/USDT,INFOFI,USDT,2025-10-26
UOS/USDT,UOS,USDT,2025-10-26
XLS/USDT,XLS,USDT,2025-10-26
LBC/USDT,LBC,USDT,2025-10-26
CAM/USDT,CAM,USDT,2025-10-26
FMXEN/USDT,FMXEN,USDT,2025-10-26
YAKA/USDT,YAKA,USDT,2025-10-26
ZERC/USDT,ZERC,USDT,2025-10-26
CAS/USDT,CAS,USDT,2025-10-26
KDG/USDT,KDG,USDT,2025-10-26
HQ/USDT,HQ,USDT,2025-10-26
PMG/USDT,PMG,USDT,2025-10-26
AE/USDT,AE,USDT,2025-10-26
RETARDIO/USDT,RETARDIO,USDT,2025-10-26
AZIT/USDT,AZIT,USDT,2025-10-26
ARENA/USDT,ARENA,USDT,2025-10-26
SQUAD/USDT,SQUAD,USDT,2025-10-26
MOON/USDT,MOON,USDT,2025-10-26
OZK/USDT,OZK,USDT,2025-10-26
JUNO/USDT,JUNO,USDT,2025-10-26
NEBL/USDT,NEBL,USDT,2025-10-26
EXS/USDT,EXS,USDT,2025-10-26
DEB/USDT,DEB,USDT,2025-10-26
SDT/USDT,SDT,USDT,2025-10-26
EON/USDT,EON,USDT,2025-10-26
AJUN/USDT,AJUN,USDT,2025-10-26
MCB/USDT,MCB,USDT,2025-10-26
AGNT/USDT,AGNT,USDT,2025-10-26
CRTS/USDT,CRTS,USDT,2025-10-26
LBTC1/USDT,LBTC1,USDT,2025-10-26
PLT/USDT,PLT,USDT,2025-10-26
SCAM/USDT,SCAM,USDT,2025-10-26
MPAA/USDT,MPAA,USDT,2025-10-26
EARNM/USDT,EARNM,USDT,2025-10-26
HENLO/USDT,HENLO,USDT,2025-10-26
KDA/USDT,KDA,USDT,2025-10-27
XCV/USDT,XCV,USDT,2025-10-27
TRISIG/USDT,TRISIG,USDT,2025-10-27
GQB/USDT,GQB,USDT,2025-10-27
WTA/USDT,WTA,USDT,2025-10-27
GALAXIS/USDT,GALAXIS,USDT,2025-10-27
GREENBTC/USDT,GREENBTC,USDT,2025-10-27
NAP/USDT,NAP,USDT,2025-10-27
KRU/USDT,KRU,USDT,2025-10-27
NOVA/USDT,NOVA,USDT,2025-10-27
EQ/USDT,EQ,USDT,2025-10-27
VICS/USDT,VICS,USDT,2025-10-27
HYPERSKIDS/USDT,HYPERSKIDS,USDT,2025-10-27
GSTOP/USDT,GSTOP,USDT,2025-10-27
MASS/USDT,MASS,USDT,2025-10-27
TRN/USDT,TRN,USDT,2025-10-27
DPR/USDT,DPR,USDT,2025-10-27
FUCOIN/USDT,FUCOIN,USDT,2025-10-27
NZC/USDT,NZC,USDT,2025-10-27
SDR/USDT,SDR,USDT,2025-10-27
BACHI/USDT,BACHI,USDT,2025-10-27
CROWN/USDT,CROWN,USDT,2025-10-27
ELIZA1/USDT,ELIZA1,USDT,2025-10-27
INFOFI/USDT,INFOFI,USDT,2025-10-27
UOS/USDT,UOS,USDT,2025-10-27
XLS/USDT,XLS,USDT,2025-10-27
LBC/USDT,LBC,USDT,2025-10-27
CAM/USDT,CAM,USDT,2025-10-27
FMXEN/USDT,FMXEN,USDT,2025-10-27
YAKA/USDT,YAKA,USDT,2025-10-27
ZERC/USDT,ZERC,USDT,2025-10-27
CAS/USDT,CAS,USDT,2025-10-27
KDG/USDT,KDG,USDT,2025-10-27
HQ/USDT,HQ,USDT,2025-10-27
PMG/USDT,PMG,USDT,2025-10-27
AE/USDT,AE,USDT,2025-10-27
RETARDIO/USDT,RETARDIO,USDT,2025-10-27
AZIT/USDT,AZIT,USDT,2025-10-27
ARENA/USDT,ARENA,USDT,2025-10-27
SQUAD/USDT,SQUAD,USDT,2025-10-27
MOON/USDT,MOON,USDT,2025-10-27
OZK/USDT,OZK,USDT,2025-10-27
JUNO/USDT,JUNO,USDT,2025-10-27
NEBL/USDT,NEBL,USDT,2025-10-27
EXS/USDT,EXS,USDT,2025-10-27
DEB/USDT,DEB,USDT,2025-10-27
SDT/USDT,SDT,USDT,2025-10-27
EON/USDT,EON,USDT,2025-10-27
AJUN/USDT,AJUN,USDT,2025-10-27
MCB/USDT,MCB,USDT,2025-10-27
AGNT/USDT,AGNT,USDT,2025-10-27
CRTS/USDT,CRTS,USDT,2025-10-27
LBTC1/USDT,LBTC1,USDT,2025-10-27
PLT/USDT,PLT,USDT,2025-10-27
SCAM/USDT,SCAM,USDT,2025-10-27
MPAA/USDT,MPAA,USDT,2025-10-27
EARNM/USDT,EARNM,USDT,2025-10-27
HENLO/USDT,HENLO,USDT,2025-10-27
LOOM/USDT,LOOM,USDT,2025-10-27
FAT/USDT,FAT,USDT,2025-10-27
CLIPPYETH/USDT,CLIPPYETH,USDT,2025-10-27
EAGLES/USDT,EAGLES,USDT,2025-10-27
OVER/USDT,OVER,USDT,2025-10-27
RKFI/USDT,RKFI,USDT,2025-10-27
DOGEBSC/USDT,DOGEBSC,USDT,2025-10-27
PAIN/USDT,PAIN,USDT,2025-10-27
MOOMOO/USDT,MOOMOO,USDT,2025-10-27
CRED/USDT,CRED,USDT,2025-10-27
TRADER/USDT,TRADER,USDT,2025-10-27
AIH/USDT,AIH,USDT,2025-10-27
NULS/USDT,NULS,USDT,2025-10-27
TICO/USDT,TICO,USDT,2025-10-27
VSG/USDT,VSG,USDT,2025-10-27
DARKSTAR/USDT,DARKSTAR,USDT,2025-10-27
AGRI/USDT,AGRI,USDT,2025-10-27
MK/USDT,MK,USDT,2025-10-27
POCHITA/USDT,POCHITA,USDT,2025-10-27
HI/USDT,HI,USDT,2025-10-27
SMY/USDT,SMY,USDT,2025-10-27
OCH/USDT,OCH,USDT,2025-10-27
FLEXY/USDT,FLEXY,USDT,2025-10-27
DGC/USDT,DGC,USDT,2025-10-27
GRID/USDT,GRID,USDT,2025-10-27
DEEPSEEK/USDT,DEEPSEEK,USDT,2025-10-27
GHOAD/USDT,GHOAD,USDT,2025-10-27
RUNECOIN/USDT,RUNECOIN,USDT,2025-10-27
PXT/USDT,PXT,USDT,2025-10-27
STRD/USDT,STRD,USDT,2025-10-27
LN/USDT,LN,USDT,2025-10-27
TAVA/USDT,TAVA,USDT,2025-10-27
SP500/USDT,SP500,USDT,2025-10-27
QBOT/USDT,QBOT,USDT,2025-10-27
KDA/USDT,KDA,USDT,2025-10-28
XCV/USDT,XCV,USDT,2025-10-28
TRISIG/USDT,TRISIG,USDT,2025-10-28
QBOT/USDT,QBOT,USDT,2025-10-28
GQB/USDT,GQB,USDT,2025-10-28
WTA/USDT,WTA,USDT,2025-10-28
LOOM/USDT,LOOM,USDT,2025-10-28
GALAXIS/USDT,GALAXIS,USDT,2025-10-28
FAT/USDT,FAT,USDT,2025-10-28
CLIPPYETH/USDT,CLIPPYETH,USDT,2025-10-28
EAGLES/USDT,EAGLES,USDT,2025-10-28
GREENBTC/USDT,GREENBTC,USDT,2025-10-28
NAP/USDT,NAP,USDT,2025-10-28
KRU/USDT,KRU,USDT,2025-10-28
OVER/USDT,OVER,USDT,2025-10-28
NOVA/USDT,NOVA,USDT,2025-10-28
RKFI/USDT,RKFI,USDT,2025-10-28
EQ/USDT,EQ,USDT,2025-10-28
VICS/USDT,VICS,USDT,2025-10-28
DOGEBSC/USDT,DOGEBSC,USDT,2025-10-28
HYPERSKIDS/USDT,HYPERSKIDS,USDT,2025-10-28
PAIN/USDT,PAIN,USDT,2025-10-28
MOOMOO/USDT,MOOMOO,USDT,2025-10-28
CRED/USDT,CRED,USDT,2025-10-28
TRADER/USDT,TRADER,USDT,2025-10-28
AIH/USDT,AIH,USDT,2025-10-28
GSTOP/USDT,GSTOP,USDT,2025-10-28
NULS/USDT,NULS,USDT,2025-10-28
MASS/USDT,MASS,USDT,2025-10-28
TICO/USDT,TICO,USDT,2025-10-28
TRN/USDT,TRN,USDT,2025-10-28
DPR/USDT,DPR,USDT,2025-10-28
FUCOIN/USDT,FUCOIN,USDT,2025-10-28
NZC/USDT,NZC,USDT,2025-10-28
SDR/USDT,SDR,USDT,2025-10-28
CROWN/USDT,CROWN,USDT,2025-10-28
INFOFI/USDT,INFOFI,USDT,2025-10-28
VSG/USDT,VSG,USDT,2025-10-28
DARKSTAR/USDT,DARKSTAR,USDT,2025-10-28
UOS/USDT,UOS,USDT,2025-10-28
AGRI/USDT,AGRI,USDT,2025-10-28
MK/USDT,MK,USDT,2025-10-28
XLS/USDT,XLS,USDT,2025-10-28
LBC/USDT,LBC,USDT,2025-10-28
POCHITA/USDT,POCHITA,USDT,2025-10-28
CAM/USDT,CAM,USDT,2025-10-28
FMXEN/USDT,FMXEN,USDT,2025-10-28
HI/USDT,HI,USDT,2025-10-28
YAKA/USDT,YAKA,USDT,2025-10-28
SMY/USDT,SMY,USDT,2025-10-28
OCH/USDT,OCH,USDT,2025-10-28
FLEXY/USDT,FLEXY,USDT,2025-10-28
KDG/USDT,KDG,USDT,2025-10-28
HQ/USDT,HQ,USDT,2025-10-28
PMG/USDT,PMG,USDT,2025-10-28
AE/USDT,AE,USDT,2025-10-28
RETARDIO/USDT,RETARDIO,USDT,2025-10-28
AZIT/USDT,AZIT,USDT,2025-10-28
ARENA/USDT,ARENA,USDT,2025-10-28
SQUAD/USDT,SQUAD,USDT,2025-10-28
DGC/USDT,DGC,USDT,2025-10-28
MOON/USDT,MOON,USDT,2025-10-28
JUNO/USDT,JUNO,USDT,2025-10-28
NEBL/USDT,NEBL,USDT,2025-10-28
EXS/USDT,EXS,USDT,2025-10-28
DEB/USDT,DEB,USDT,2025-10-28
SDT/USDT,SDT,USDT,2025-10-28
GRID/USDT,GRID,USDT,2025-10-28
EON/USDT,EON,USDT,2025-10-28
AJUN/USDT,AJUN,USDT,2025-10-28
DEEPSEEK/USDT,DEEPSEEK,USDT,2025-10-28
MCB/USDT,MCB,USDT,2025-10-28
GHOAD/USDT,GHOAD,USDT,2025-10-28
AGNT/USDT,AGNT,USDT,2025-10-28
RUNECOIN/USDT,RUNECOIN,USDT,2025-10-28
CRTS/USDT,CRTS,USDT,2025-10-28
PXT/USDT,PXT,USDT,2025-10-28
LBTC1/USDT,LBTC1,USDT,2025-10-28
STRD/USDT,STRD,USDT,2025-10-28
PLT/USDT,PLT,USDT,2025-10-28
LN/USDT,LN,USDT,2025-10-28
SCAM/USDT,SCAM,USDT,2025-10-28
MPAA/USDT,MPAA,USDT,2025-10-28
EARNM/USDT,EARNM,USDT,2025-10-28
TAVA/USDT,TAVA,USDT,2025-10-28
HENLO/USDT,HENLO,USDT,2025-10-28
SP500/USDT,SP500,USDT,2025-10-28
KDA/USDT,KDA,USDT,2025-10-29
XCV/USDT,XCV,USDT,2025-10-29
TRISIG/USDT,TRISIG,USDT,2025-10-29
QBOT/USDT,QBOT,USDT,2025-10-29
AZIT/USDT,AZIT,USDT,2025-10-29
GQB/USDT,GQB,USDT,2025-10-29
WTA/USDT,WTA,USDT,2025-10-29
LOOM/USDT,LOOM,USDT,2025-10-29
FAT/USDT,FAT,USDT,2025-10-29
CLIPPYETH/USDT,CLIPPYETH,USDT,2025-10-29
EAGLES/USDT,EAGLES,USDT,2025-10-29
GREENBTC/USDT,GREENBTC,USDT,2025-10-29
NAP/USDT,NAP,USDT,2025-10-29
KRU/USDT,KRU,USDT,2025-10-29
OVER/USDT,OVER,USDT,2025-10-29
NOVA/USDT,NOVA,USDT,2025-10-29
RKFI/USDT,RKFI,USDT,2025-10-29
EQ/USDT,EQ,USDT,2025-10-29
VICS/USDT,VICS,USDT,2025-10-29
DOGEBSC/USDT,DOGEBSC,USDT,2025-10-29
HYPERSKIDS/USDT,HYPERSKIDS,USDT,2025-10-29
PAIN/USDT,PAIN,USDT,2025-10-29
MOOMOO/USDT,MOOMOO,USDT,2025-10-29
CRED/USDT,CRED,USDT,2025-10-29
TRADER/USDT,TRADER,USDT,2025-10-29
AIH/USDT,AIH,USDT,2025-10-29
GSTOP/USDT,GSTOP,USDT,2025-10-29
NULS/USDT,NULS,USDT,2025-10-29
MASS/USDT,MASS,USDT,2025-10-29
TICO/USDT,TICO,USDT,2025-10-29
TRN/USDT,TRN,USDT,2025-10-29
DPR/USDT,DPR,USDT,2025-10-29
FUCOIN/USDT,FUCOIN,USDT,2025-10-29
NZC/USDT,NZC,USDT,2025-10-29
SDR/USDT,SDR,USDT,2025-10-29
CROWN/USDT,CROWN,USDT,2025-10-29
INFOFI/USDT,INFOFI,USDT,2025-10-29
VSG/USDT,VSG,USDT,2025-10-29
DARKSTAR/USDT,DARKSTAR,USDT,2025-10-29
UOS/USDT,UOS,USDT,2025-10-29
AGRI/USDT,AGRI,USDT,2025-10-29
MK/USDT,MK,USDT,2025-10-29
XLS/USDT,XLS,USDT,2025-10-29
LBC/USDT,LBC,USDT,2025-10-29
POCHITA/USDT,POCHITA,USDT,2025-10-29
CAM/USDT,CAM,USDT,2025-10-29
FMXEN/USDT,FMXEN,USDT,2025-10-29
HI/USDT,HI,USDT,2025-10-29
YAKA/USDT,YAKA,USDT,2025-10-29
SMY/USDT,SMY,USDT,2025-10-29
OCH/USDT,OCH,USDT,2025-10-29
FLEXY/USDT,FLEXY,USDT,2025-10-29
KDG/USDT,KDG,USDT,2025-10-29
HQ/USDT,HQ,USDT,2025-10-29
PMG/USDT,PMG,USDT,2025-10-29
AE/USDT,AE,USDT,2025-10-29
RETARDIO/USDT,RETARDIO,USDT,2025-10-29
ARENA/USDT,ARENA,USDT,2025-10-29
SQUAD/USDT,SQUAD,USDT,2025-10-29
DGC/USDT,DGC,USDT,2025-10-29
MOON/USDT,MOON,USDT,2025-10-29
JUNO/USDT,JUNO,USDT,2025-10-29
NEBL/USDT,NEBL,USDT,2025-10-29
EXS/USDT,EXS,USDT,2025-10-29
DEB/USDT,DEB,USDT,2025-10-29
SDT/USDT,SDT,USDT,2025-10-29
GRID/USDT,GRID,USDT,2025-10-29
EON/USDT,EON,USDT,2025-10-29
AJUN/USDT,AJUN,USDT,2025-10-29
DEEPSEEK/USDT,DEEPSEEK,USDT,2025-10-29
MCB/USDT,MCB,USDT,2025-10-29
GHOAD/USDT,GHOAD,USDT,2025-10-29
AGNT/USDT,AGNT,USDT,2025-10-29
RUNECOIN/USDT,RUNECOIN,USDT,2025-10-29
CRTS/USDT,CRTS,USDT,2025-10-29
PXT/USDT,PXT,USDT,2025-10-29
LBTC1/USDT,LBTC1,USDT,2025-10-29
STRD/USDT,STRD,USDT,2025-10-29
PLT/USDT,PLT,USDT,2025-10-29
LN/USDT,LN,USDT,2025-10-29
SCAM/USDT,SCAM,USDT,2025-10-29
MPAA/USDT,MPAA,USDT,2025-10-29
EARNM/USDT,EARNM,USDT,2025-10-29
TAVA/USDT,TAVA,USDT,2025-10-29
HENLO/USDT,HENLO,USDT,2025-10-29
SP500/USDT,SP500,USDT,2025-10-29
NYX/USDT,NYX,USDT,2025-10-29
REAL1/USDT,REAL1,USDT,2025-10-29
FAIR3/USDT,FAIR3,USDT,2025-10-29
PEP1/USDT,PEP1,USDT,2025-10-29
STRAYDOG/USDT,STRAYDOG,USDT,2025-10-29
FIGHT/USDT,FIGHT,USDT,2025-10-29
KDA/USDT,KDA,USDT,2025-10-30
XCV/USDT,XCV,USDT,2025-10-30
TRISIG/USDT,TRISIG,USDT,2025-10-30
QBOT/USDT,QBOT,USDT,2025-10-30
AZIT/USDT,AZIT,USDT,2025-10-30
GQB/USDT,GQB,USDT,2025-10-30
WTA/USDT,WTA,USDT,2025-10-30
LOOM/USDT,LOOM,USDT,2025-10-30
FAT/USDT,FAT,USDT,2025-10-30
CLIPPYETH/USDT,CLIPPYETH,USDT,2025-10-30
EAGLES/USDT,EAGLES,USDT,2025-10-30
GREENBTC/USDT,GREENBTC,USDT,2025-10-30
NAP/USDT,NAP,USDT,2025-10-30
KRU/USDT,KRU,USDT,2025-10-30
OVER/USDT,OVER,USDT,2025-10-30
NOVA/USDT,NOVA,USDT,2025-10-30
RKFI/USDT,RKFI,USDT,2025-10-30
EQ/USDT,EQ,USDT,2025-10-30
VICS/USDT,VICS,USDT,2025-10-30
DOGEBSC/USDT,DOGEBSC,USDT,2025-10-30
PAIN/USDT,PAIN,USDT,2025-10-30
MOOMOO/USDT,MOOMOO,USDT,2025-10-30
CRED/USDT,CRED,USDT,2025-10-30
TRADER/USDT,TRADER,USDT,2025-10-30
AIH/USDT,AIH,USDT,2025-10-30
GSTOP/USDT,GSTOP,USDT,2025-10-30
NULS/USDT,NULS,USDT,2025-10-30
MASS/USDT,MASS,USDT,2025-10-30
TICO/USDT,TICO,USDT,2025-10-30
TRN/USDT,TRN,USDT,2025-10-30
DPR/USDT,DPR,USDT,2025-10-30
FUCOIN/USDT,FUCOIN,USDT,2025-10-30
GET/USDT,GET,USDT,2025-10-30
NZC/USDT,NZC,USDT,2025-10-30
SDR/USDT,SDR,USDT,2025-10-30
CROWN/USDT,CROWN,USDT,2025-10-30
INFOFI/USDT,INFOFI,USDT,2025-10-30
VSG/USDT,VSG,USDT,2025-10-30
DARKSTAR/USDT,DARKSTAR,USDT,2025-10-30
NYX/USDT,NYX,USDT,2025-10-30
REAL1/USDT,REAL1,USDT,2025-10-30
FAIR3/USDT,FAIR3,USDT,2025-10-30
UOS/USDT,UOS,USDT,2025-10-30
NRWA/USDT,NRWA,USDT,2025-10-30
AGRI/USDT,AGRI,USDT,2025-10-30
MK/USDT,MK,USDT,2025-10-30
PEP1/USDT,PEP1,USDT,2025-10-30
XLS/USDT,XLS,USDT,2025-10-30
LBC/USDT,LBC,USDT,2025-10-30
POCHITA/USDT,POCHITA,USDT,2025-10-30
CAM/USDT,CAM,USDT,2025-10-30
FMXEN/USDT,FMXEN,USDT,2025-10-30
HI/USDT,HI,USDT,2025-10-30
YAKA/USDT,YAKA,USDT,2025-10-30
SMY/USDT,SMY,USDT,2025-10-30
OCH/USDT,OCH,USDT,2025-10-30
FLEXY/USDT,FLEXY,USDT,2025-10-30
KDG/USDT,KDG,USDT,2025-10-30
HQ/USDT,HQ,USDT,2025-10-30
PMG/USDT,PMG,USDT,2025-10-30
AE/USDT,AE,USDT,2025-10-30
RETARDIO/USDT,RETARDIO,USDT,2025-10-30
ARENA/USDT,ARENA,USDT,2025-10-30
SQUAD/USDT,SQUAD,USDT,2025-10-30
DGC/USDT,DGC,USDT,2025-10-30
STRAYDOG/USDT,STRAYDOG,USDT,2025-10-30
MOON/USDT,MOON,USDT,2025-10-30
JUNO/USDT,JUNO,USDT,2025-10-30
NEBL/USDT,NEBL,USDT,2025-10-30
EXS/USDT,EXS,USDT,2025-10-30
DEB/USDT,DEB,USDT,2025-10-30
SDT/USDT,SDT,USDT,2025-10-30
GRID/USDT,GRID,USDT,2025-10-30
EON/USDT,EON,USDT,2025-10-30
AJUN/USDT,AJUN,USDT,2025-10-30
DEEPSEEK/USDT,DEEPSEEK,USDT,2025-10-30
MCB/USDT,MCB,USDT,2025-10-30
FIGHT/USDT,FIGHT,USDT,2025-10-30
GHOAD/USDT,GHOAD,USDT,2025-10-30
AGNT/USDT,AGNT,USDT,2025-10-30
RUNECOIN/USDT,RUNECOIN,USDT,2025-10-30
CRTS/USDT,CRTS,USDT,2025-10-30
PXT/USDT,PXT,USDT,2025-10-30
LBTC1/USDT,LBTC1,USDT,2025-10-30
STRD/USDT,STRD,USDT,2025-10-30
PLT/USDT,PLT,USDT,2025-10-30
LN/USDT,LN,USDT,2025-10-30
SCAM/USDT,SCAM,USDT,2025-10-30
MPAA/USDT,MPAA,USDT,2025-10-30
EARNM/USDT,EARNM,USDT,2025-10-30
TAVA/USDT,TAVA,USDT,2025-10-30
HENLO/USDT,HENLO,USDT,2025-10-30
SP500/USDT,SP500,USDT,2025-10-30
MAXSOL/USDT,MAXSOL,USDT,2025-10-30
BABYSHARK/USDT,BABYSHARK,USDT,2025-10-30
MONR/USDT,MONR,USDT,2025-10-30
SHIBBABY/USDT,SHIBBABY,USDT,2025-10-30
KDA/USDT,KDA,USDT,2025-10-31
MONR/USDT,MONR,USDT,2025-10-31
SHIBBABY/USDT,SHIBBABY,USDT,2025-10-31
XCV/USDT,XCV,USDT,2025-10-31
TRISIG/USDT,TRISIG,USDT,2025-10-31
QBOT/USDT,QBOT,USDT,2025-10-31
AZIT/USDT,AZIT,USDT,2025-10-31
GQB/USDT,GQB,USDT,2025-10-31
WTA/USDT,WTA,USDT,2025-10-31
GREENBTC/USDT,GREENBTC,USDT,2025-10-31
NAP/USDT,NAP,USDT,2025-10-31
KRU/USDT,KRU,USDT,2025-10-31
NOVA/USDT,NOVA,USDT,2025-10-31
RKFI/USDT,RKFI,USDT,2025-10-31
EQ/USDT,EQ,USDT,2025-10-31
VICS/USDT,VICS,USDT,2025-10-31
GSTOP/USDT,GSTOP,USDT,2025-10-31
MASS/USDT,MASS,USDT,2025-10-31
TICO/USDT,TICO,USDT,2025-10-31
TRN/USDT,TRN,USDT,2025-10-31
DPR/USDT,DPR,USDT,2025-10-31
FUCOIN/USDT,FUCOIN,USDT,2025-10-31
GET/USDT,GET,USDT,2025-10-31
NZC/USDT,NZC,USDT,2025-10-31
SDR/USDT,SDR,USDT,2025-10-31
CROWN/USDT,CROWN,USDT,2025-10-31
INFOFI/USDT,INFOFI,USDT,2025-10-31
DARKSTAR/USDT,DARKSTAR,USDT,2025-10-31
BABYSHARK/USDT,BABYSHARK,USDT,2025-10-31
NYX/USDT,NYX,USDT,2025-10-31
REAL1/USDT,REAL1,USDT,2025-10-31
FAIR3/USDT,FAIR3,USDT,2025-10-31
UOS/USDT,UOS,USDT,2025-10-31
NRWA/USDT,NRWA,USDT,2025-10-31
AGRI/USDT,AGRI,USDT,2025-10-31
PEP1/USDT,PEP1,USDT,2025-10-31
XLS/USDT,XLS,USDT,2025-10-31
LBC/USDT,LBC,USDT,2025-10-31
CAM/USDT,CAM,USDT,2025-10-31
FMXEN/USDT,FMXEN,USDT,2025-10-31
YAKA/USDT,YAKA,USDT,2025-10-31
KDG/USDT,KDG,USDT,2025-10-31
HQ/USDT,HQ,USDT,2025-10-31
PMG/USDT,PMG,USDT,2025-10-31
AE/USDT,AE,USDT,2025-10-31
RETARDIO/USDT,RETARDIO,USDT,2025-10-31
ARENA/USDT,ARENA,USDT,2025-10-31
SQUAD/USDT,SQUAD,USDT,2025-10-31
STRAYDOG/USDT,STRAYDOG,USDT,2025-10-31
MOON/USDT,MOON,USDT,2025-10-31
JUNO/USDT,JUNO,USDT,2025-10-31
NEBL/USDT,NEBL,USDT,2025-10-31
EXS/USDT,EXS,USDT,2025-10-31
DEB/USDT,DEB,USDT,2025-10-31
SDT/USDT,SDT,USDT,2025-10-31
EON/USDT,EON,USDT,2025-10-31
AJUN/USDT,AJUN,USDT,2025-10-31
MCB/USDT,MCB,USDT,2025-10-31
FIGHT/USDT,FIGHT,USDT,2025-10-31
AGNT/USDT,AGNT,USDT,2025-10-31
CRTS/USDT,CRTS,USDT,2025-10-31
LBTC1/USDT,LBTC1,USDT,2025-10-31
PLT/USDT,PLT,USDT,2025-10-31
SCAM/USDT,SCAM,USDT,2025-10-31
MPAA/USDT,MPAA,USDT,2025-10-31
EARNM/USDT,EARNM,USDT,2025-10-31
TAVA/USDT,TAVA,USDT,2025-10-31
HENLO/USDT,HENLO,USDT,2025-10-31
ICPX/USDT,ICPX,USDT,2025-10-31
KDA/USDT,KDA,USDT,2025-11-01
MONR/USDT,MONR,USDT,2025-11-01
SHIBBABY/USDT,SHIBBABY,USDT,2025-11-01
XCV/USDT,XCV,USDT,2025-11-01
TRISIG/USDT,TRISIG,USDT,2025-11-01
AZIT/USDT,AZIT,USDT,2025-11-01
GQB/USDT,GQB,USDT,2025-11-01
WTA/USDT,WTA,USDT,2025-11-01
GREENBTC/USDT,GREENBTC,USDT,2025-11-01
KRU/USDT,KRU,USDT,2025-11-01
NOVA/USDT,NOVA,USDT,2025-11-01
RKFI/USDT,RKFI,USDT,2025-11-01
EQ/USDT,EQ,USDT,2025-11-01
VICS/USDT,VICS,USDT,2025-11-01
GSTOP/USDT,GSTOP,USDT,2025-11-01
MASS/USDT,MASS,USDT,2025-11-01
TICO/USDT,TICO,USDT,2025-11-01
TRN/USDT,TRN,USDT,2025-11-01
DPR/USDT,DPR,USDT,2025-11-01
FUCOIN/USDT,FUCOIN,USDT,2025-11-01
GET/USDT,GET,USDT,2025-11-01
NZC/USDT,NZC,USDT,2025-11-01
SDR/USDT,SDR,USDT,2025-11-01
CROWN/USDT,CROWN,USDT,2025-11-01
INFOFI/USDT,INFOFI,USDT,2025-11-01
DARKSTAR/USDT,DARKSTAR,USDT,2025-11-01
NYX/USDT,NYX,USDT,2025-11-01
REAL1/USDT,REAL1,USDT,2025-11-01
FAIR3/USDT,FAIR3,USDT,2025-11-01
UOS/USDT,UOS,USDT,2025-11-01
NRWA/USDT,NRWA,USDT,2025-11-01
AGRI/USDT,AGRI,USDT,2025-11-01
PEP1/USDT,PEP1,USDT,2025-11-01
XLS/USDT,XLS,USDT,2025-11-01
LBC/USDT,LBC,USDT,2025-11-01
CAM/USDT,CAM,USDT,2025-11-01
FMXEN/USDT,FMXEN,USDT,2025-11-01
YAKA/USDT,YAKA,USDT,2025-11-01
KDG/USDT,KDG,USDT,2025-11-01
HQ/USDT,HQ,USDT,2025-11-01
PMG/USDT,PMG,USDT,2025-11-01
AE/USDT,AE,USDT,2025-11-01
RETARDIO/USDT,RETARDIO,USDT,2025-11-01
ARENA/USDT,ARENA,USDT,2025-11-01
SQUAD/USDT,SQUAD,USDT,2025-11-01
STRAYDOG/USDT,STRAYDOG,USDT,2025-11-01
MOON/USDT,MOON,USDT,2025-11-01
JUNO/USDT,JUNO,USDT,2025-11-01
ICPX/USDT,ICPX,USDT,2025-11-01
NEBL/USDT,NEBL,USDT,2025-11-01
EXS/USDT,EXS,USDT,2025-11-01
DEB/USDT,DEB,USDT,2025-11-01
SDT/USDT,SDT,USDT,2025-11-01
EON/USDT,EON,USDT,2025-11-01
AJUN/USDT,AJUN,USDT,2025-11-01
MCB/USDT,MCB,USDT,2025-11-01
FIGHT/USDT,FIGHT,USDT,2025-11-01
AGNT/USDT,AGNT,USDT,2025-11-01
CRTS/USDT,CRTS,USDT,2025-11-01
LBTC1/USDT,LBTC1,USDT,2025-11-01
PLT/USDT,PLT,USDT,2025-11-01
SCAM/USDT,SCAM,USDT,2025-11-01
MPAA/USDT,MPAA,USDT,2025-11-01
EARNM/USDT,EARNM,USDT,2025-11-01
TAVA/USDT,TAVA,USDT,2025-11-01
HENLO/USDT,HENLO,USDT,2025-11-01
NRK/USDT,NRK,USDT,2025-11-01
KDA/USDT,KDA,USDT,2025-11-02
MONR/USDT,MONR,USDT,2025-11-02
SHIBBABY/USDT,SHIBBABY,USDT,2025-11-02
XCV/USDT,XCV,USDT,2025-11-02
TRISIG/USDT,TRISIG,USDT,2025-11-02
AZIT/USDT,AZIT,USDT,2025-11-02
GQB/USDT,GQB,USDT,2025-11-02
WTA/USDT,WTA,USDT,2025-11-02
GREENBTC/USDT,GREENBTC,USDT,2025-11-02
KRU/USDT,KRU,USDT,2025-11-02
NOVA/USDT,NOVA,USDT,2025-11-02
RKFI/USDT,RKFI,USDT,2025-11-02
EQ/USDT,EQ,USDT,2025-11-02
VICS/USDT,VICS,USDT,2025-11-02
GSTOP/USDT,GSTOP,USDT,2025-11-02
MASS/USDT,MASS,USDT,2025-11-02
TICO/USDT,TICO,USDT,2025-11-02
TRN/USDT,TRN,USDT,2025-11-02
DPR/USDT,DPR,USDT,2025-11-02
FUCOIN/USDT,FUCOIN,USDT,2025-11-02
GET/USDT,GET,USDT,2025-11-02
NZC/USDT,NZC,USDT,2025-11-02
SDR/USDT,SDR,USDT,2025-11-02
NRK/USDT,NRK,USDT,2025-11-02
CROWN/USDT,CROWN,USDT,2025-11-02
INFOFI/USDT,INFOFI,USDT,2025-11-02
DARKSTAR/USDT,DARKSTAR,USDT,2025-11-02
UOS/USDT,UOS,USDT,2025-11-02
NRWA/USDT,NRWA,USDT,2025-11-02
AGRI/USDT,AGRI,USDT,2025-11-02
XLS/USDT,XLS,USDT,2025-11-02
LBC/USDT,LBC,USDT,2025-11-02
CAM/USDT,CAM,USDT,2025-11-02
FMXEN/USDT,FMXEN,USDT,2025-11-02
YAKA/USDT,YAKA,USDT,2025-11-02
KDG/USDT,KDG,USDT,2025-11-02
HQ/USDT,HQ,USDT,2025-11-02
PMG/USDT,PMG,USDT,2025-11-02
AE/USDT,AE,USDT,2025-11-02
RETARDIO/USDT,RETARDIO,USDT,2025-11-02
ARENA/USDT,ARENA,USDT,2025-11-02
SQUAD/USDT,SQUAD,USDT,2025-11-02
MOON/USDT,MOON,USDT,2025-11-02
JUNO/USDT,JUNO,USDT,2025-11-02
ICPX/USDT,ICPX,USDT,2025-11-02
NEBL/USDT,NEBL,USDT,2025-11-02
EXS/USDT,EXS,USDT,2025-11-02
DEB/USDT,DEB,USDT,2025-11-02
SDT/USDT,SDT,USDT,2025-11-02
EON/USDT,EON,USDT,2025-11-02
AJUN/USDT,AJUN,USDT,2025-11-02
MCB/USDT,MCB,USDT,2025-11-02
AGNT/USDT,AGNT,USDT,2025-11-02
CRTS/USDT,CRTS,USDT,2025-11-02
LBTC1/USDT,LBTC1,USDT,2025-11-02
PLT/USDT,PLT,USDT,2025-11-02
SCAM/USDT,SCAM,USDT,2025-11-02
MPAA/USDT,MPAA,USDT,2025-11-02
EARNM/USDT,EARNM,USDT,2025-11-02
TAVA/USDT,TAVA,USDT,2025-11-02
HENLO/USDT,HENLO,USDT,2025-11-02
XCV/USDT,XCV,USDT,2025-11-03
TRISIG/USDT,TRISIG,USDT,2025-11-03
AZIT/USDT,AZIT,USDT,2025-11-03
GQB/USDT,GQB,USDT,2025-11-03
WTA/USDT,WTA,USDT,2025-11-03
GREENBTC/USDT,GREENBTC,USDT,2025-11-03
KRU/USDT,KRU,USDT,2025-11-03
NOVA/USDT,NOVA,USDT,2025-11-03
RKFI/USDT,RKFI,USDT,2025-11-03
EQ/USDT,EQ,USDT,2025-11-03
VICS/USDT,VICS,USDT,2025-11-03
GSTOP/USDT,GSTOP,USDT,2025-11-03
MASS/USDT,MASS,USDT,2025-11-03
TICO/USDT,TICO,USDT,2025-11-03
TRN/USDT,TRN,USDT,2025-11-03
DPR/USDT,DPR,USDT,2025-11-03
FUCOIN/USDT,FUCOIN,USDT,2025-11-03
GET/USDT,GET,USDT,2025-11-03
NZC/USDT,NZC,USDT,2025-11-03
SDR/USDT,SDR,USDT,2025-11-03
NRK/USDT,NRK,USDT,2025-11-03
CROWN/USDT,CROWN,USDT,2025-11-03
INFOFI/USDT,INFOFI,USDT,2025-11-03
DARKSTAR/USDT,DARKSTAR,USDT,2025-11-03
UOS/USDT,UOS,USDT,2025-11-03
NRWA/USDT,NRWA,USDT,2025-11-03
AGRI/USDT,AGRI,USDT,2025-11-03
XLS/USDT,XLS,USDT,2025-11-03
LBC/USDT,LBC,USDT,2025-11-03
CAM/USDT,CAM,USDT,2025-11-03
FMXEN/USDT,FMXEN,USDT,2025-11-03
YAKA/USDT,YAKA,USDT,2025-11-03
KDG/USDT,KDG,USDT,2025-11-03
HQ/USDT,HQ,USDT,2025-11-03
PMG/USDT,PMG,USDT,2025-11-03
AE/USDT,AE,USDT,2025-11-03
RETARDIO/USDT,RETARDIO,USDT,2025-11-03
ARENA/USDT,ARENA,USDT,2025-11-03
SQUAD/USDT,SQUAD,USDT,2025-11-03
MOON/USDT,MOON,USDT,2025-11-03
JUNO/USDT,JUNO,USDT,2025-11-03
ICPX/USDT,ICPX,USDT,2025-11-03
NEBL/USDT,NEBL,USDT,2025-11-03
EXS/USDT,EXS,USDT,2025-11-03
DEB/USDT,DEB,USDT,2025-11-03
SDT/USDT,SDT,USDT,2025-11-03
EON/USDT,EON,USDT,2025-11-03
AJUN/USDT,AJUN,USDT,2025-11-03
MCB/USDT,MCB,USDT,2025-11-03
AGNT/USDT,AGNT,USDT,2025-11-03
CRTS/USDT,CRTS,USDT,2025-11-03
LBTC1/USDT,LBTC1,USDT,2025-11-03
PLT/USDT,PLT,USDT,2025-11-03
SCAM/USDT,SCAM,USDT,2025-11-03
MPAA/USDT,MPAA,USDT,2025-11-03
EARNM/USDT,EARNM,USDT,2025-11-03
TAVA/USDT,TAVA,USDT,2025-11-03
HENLO/USDT,HENLO,USDT,2025-11-03
TGT1/USDT,TGT1,USDT,2025-11-03
TGT1/USDT,TGT1,USDT,2025-11-04
XCV/USDT,XCV,USDT,2025-11-04
TRISIG/USDT,TRISIG,USDT,2025-11-04
AZIT/USDT,AZIT,USDT,2025-11-04
GQB/USDT,GQB,USDT,2025-11-04
WTA/USDT,WTA,USDT,2025-11-04
GREENBTC/USDT,GREENBTC,USDT,2025-11-04
KRU/USDT,KRU,USDT,2025-11-04
NOVA/USDT,NOVA,USDT,2025-11-04
RKFI/USDT,RKFI,USDT,2025-11-04
EQ/USDT,EQ,USDT,2025-11-04
VICS/USDT,VICS,USDT,2025-11-04
GSTOP/USDT,GSTOP,USDT,2025-11-04
MASS/USDT,MASS,USDT,2025-11-04
TRN/USDT,TRN,USDT,2025-11-04
DPR/USDT,DPR,USDT,2025-11-04
FUCOIN/USDT,FUCOIN,USDT,2025-11-04
GET/USDT,GET,USDT,2025-11-04
NZC/USDT,NZC,USDT,2025-11-04
SDR/USDT,SDR,USDT,2025-11-04
NRK/USDT,NRK,USDT,2025-11-04
CROWN/USDT,CROWN,USDT,2025-11-04
INFOFI/USDT,INFOFI,USDT,2025-11-04
DARKSTAR/USDT,DARKSTAR,USDT,2025-11-04
UOS/USDT,UOS,USDT,2025-11-04
NRWA/USDT,NRWA,USDT,2025-11-04
AGRI/USDT,AGRI,USDT,2025-11-04
XLS/USDT,XLS,USDT,2025-11-04
LBC/USDT,LBC,USDT,2025-11-04
CAM/USDT,CAM,USDT,2025-11-04
FMXEN/USDT,FMXEN,USDT,2025-11-04
YAKA/USDT,YAKA,USDT,2025-11-04
KDG/USDT,KDG,USDT,2025-11-04
HQ/USDT,HQ,USDT,2025-11-04
PMG/USDT,PMG,USDT,2025-11-04
AE/USDT,AE,USDT,2025-11-04
RETARDIO/USDT,RETARDIO,USDT,2025-11-04
ARENA/USDT,ARENA,USDT,2025-11-04
SQUAD/USDT,SQUAD,USDT,2025-11-04
MOON/USDT,MOON,USDT,2025-11-04
JUNO/USDT,JUNO,USDT,2025-11-04
NEBL/USDT,NEBL,USDT,2025-11-04
EXS/USDT,EXS,USDT,2025-11-04
DEB/USDT,DEB,USDT,2025-11-04
SDT/USDT,SDT,USDT,2025-11-04
EON/USDT,EON,USDT,2025-11-04
AJUN/USDT,AJUN,USDT,2025-11-04
MCB/USDT,MCB,USDT,2025-11-04
AGNT/USDT,AGNT,USDT,2025-11-04
CRTS/USDT,CRTS,USDT,2025-11-04
LBTC1/USDT,LBTC1,USDT,2025-11-04
PLT/USDT,PLT,USDT,2025-11-04
SCAM/USDT,SCAM,USDT,2025-11-04
MPAA/USDT,MPAA,USDT,2025-11-04
EARNM/USDT,EARNM,USDT,2025-11-04
TAVA/USDT,TAVA,USDT,2025-11-04
HENLO/USDT,HENLO,USDT,2025-11-04
TGT1/USDT,TGT1,USDT,2025-11-05
TRN/USDT,TRN,USDT,2025-11-05
XCV/USDT,XCV,USDT,2025-11-05
TRISIG/USDT,TRISIG,USDT,2025-11-05
AZIT/USDT,AZIT,USDT,2025-11-05
GQB/USDT,GQB,USDT,2025-11-05
WTA/USDT,WTA,USDT,2025-11-05
GREENBTC/USDT,GREENBTC,USDT,2025-11-05
KRU/USDT,KRU,USDT,2025-11-05
NOVA/USDT,NOVA,USDT,2025-11-05
RKFI/USDT,RKFI,USDT,2025-11-05
EQ/USDT,EQ,USDT,2025-11-05
VICS/USDT,VICS,USDT,2025-11-05
GSTOP/USDT,GSTOP,USDT,2025-11-05
MASS/USDT,MASS,USDT,2025-11-05
DPR/USDT,DPR,USDT,2025-11-05
FUCOIN/USDT,FUCOIN,USDT,2025-11-05
GET/USDT,GET,USDT,2025-11-05
NZC/USDT,NZC,USDT,2025-11-05
SDR/USDT,SDR,USDT,2025-11-05
NRK/USDT,NRK,USDT,2025-11-05
CROWN/USDT,CROWN,USDT,2025-11-05
INFOFI/USDT,INFOFI,USDT,2025-11-05
DARKSTAR/USDT,DARKSTAR,USDT,2025-11-05
UOS/USDT,UOS,USDT,2025-11-05
NRWA/USDT,NRWA,USDT,2025-11-05
AGRI/USDT,AGRI,USDT,2025-11-05
XLS/USDT,XLS,USDT,2025-11-05
LBC/USDT,LBC,USDT,2025-11-05
CAM/USDT,CAM,USDT,2025-11-05
FMXEN/USDT,FMXEN,USDT,2025-11-05
YAKA/USDT,YAKA,USDT,2025-11-05
KDG/USDT,KDG,USDT,2025-11-05
WSI/USDT,WSI,USDT,2025-11-05
HQ/USDT,HQ,USDT,2025-11-05
PMG/USDT,PMG,USDT,2025-11-05
AE/USDT,AE,USDT,2025-11-05
RETARDIO/USDT,RETARDIO,USDT,2025-11-05
ARENA/USDT,ARENA,USDT,2025-11-05
SQUAD/USDT,SQUAD,USDT,2025-11-05
MOON/USDT,MOON,USDT,2025-11-05
JUNO/USDT,JUNO,USDT,2025-11-05
NEBL/USDT,NEBL,USDT,2025-11-05
EXS/USDT,EXS,USDT,2025-11-05
DEB/USDT,DEB,USDT,2025-11-05
SDT/USDT,SDT,USDT,2025-11-05
EON/USDT,EON,USDT,2025-11-05
AJUN/USDT,AJUN,USDT,2025-11-05
MCB/USDT,MCB,USDT,2025-11-05
AGNT/USDT,AGNT,USDT,2025-11-05
CRTS/USDT,CRTS,USDT,2025-11-05
LBTC1/USDT,LBTC1,USDT,2025-11-05
PLT/USDT,PLT,USDT,2025-11-05
SCAM/USDT,SCAM,USDT,2025-11-05
MPAA/USDT,MPAA,USDT,2025-11-05
EARNM/USDT,EARNM,USDT,2025-11-05
TAVA/USDT,TAVA,USDT,2025-11-05
HENLO/USDT,HENLO,USDT,2025-11-05
TGT1/USDT,TGT1,USDT,2025-11-06
XCV/USDT,XCV,USDT,2025-11-06
TRISIG/USDT,TRISIG,USDT,2025-11-06
AZIT/USDT,AZIT,USDT,2025-11-06
